model,task,condition,role,method,lr,step,online_seconds,correct,n,accuracy
1p5b,countdown,1p5b_countdown,predictor,periodic8,3e-05,0,0.0,17,128,0.1328125
1p5b,countdown,1p5b_countdown,predictor,periodic8,3e-05,8,1.8699656191747636,11,128,0.0859375
1p5b,countdown,1p5b_countdown,predictor,periodic8,3e-05,16,3.7366848670644686,20,128,0.15625
1p5b,countdown,1p5b_countdown,predictor,periodic8,3e-05,32,7.600460380199365,15,128,0.1171875
1p5b,countdown,1p5b_countdown,true_gradient,oracle20,1e-05,0,0.0,17,128,0.1328125
1p5b,countdown,1p5b_countdown,true_gradient,oracle20,1e-05,8,2.3267232151702046,11,128,0.0859375
1p5b,countdown,1p5b_countdown,true_gradient,oracle20,1e-05,16,4.672269187052734,16,128,0.125
1p5b,countdown,1p5b_countdown,true_gradient,oracle20,1e-05,32,9.448672803351656,16,128,0.125
1p5b,svamp,1p5b_svamp,predictor,adaptive,1e-05,0,0.0,58,64,0.90625
1p5b,svamp,1p5b_svamp,predictor,adaptive,1e-05,8,9.895242246217094,56,64,0.875
1p5b,svamp,1p5b_svamp,predictor,adaptive,1e-05,16,19.78791107807774,56,64,0.875
1p5b,svamp,1p5b_svamp,predictor,adaptive,1e-05,32,36.14474676712416,58,64,0.90625
1p5b,svamp,1p5b_svamp,true_gradient,mean,1e-05,0,0.0,58,64,0.90625
1p5b,svamp,1p5b_svamp,true_gradient,mean,1e-05,8,2.3471426408505067,59,64,0.921875
1p5b,svamp,1p5b_svamp,true_gradient,mean,1e-05,16,4.684899141779169,58,64,0.90625
1p5b,svamp,1p5b_svamp,true_gradient,mean,1e-05,32,9.417351327836514,59,64,0.921875
1p5b,aqua,1p5b_aqua,predictor,adaptive,1e-05,0,0.0,74,128,0.578125
1p5b,aqua,1p5b_aqua,predictor,adaptive,1e-05,8,10.062184794805944,72,128,0.5625
1p5b,aqua,1p5b_aqua,predictor,adaptive,1e-05,16,20.268289168714546,72,128,0.5625
1p5b,aqua,1p5b_aqua,predictor,adaptive,1e-05,32,41.52168057591189,73,128,0.5703125
1p5b,aqua,1p5b_aqua,true_gradient,oracle,1e-05,0,0.0,74,128,0.578125
1p5b,aqua,1p5b_aqua,true_gradient,oracle,1e-05,8,3.824884768924676,71,128,0.5546875
1p5b,aqua,1p5b_aqua,true_gradient,oracle,1e-05,16,7.514869955950417,73,128,0.5703125
1p5b,aqua,1p5b_aqua,true_gradient,oracle,1e-05,32,15.344520838931203,75,128,0.5859375
1p5b,gsm8k,1p5b_gsm8k,predictor,adaptive,3e-06,0,0.0,111,128,0.8671875
1p5b,gsm8k,1p5b_gsm8k,predictor,adaptive,3e-06,8,11.363471812917851,110,128,0.859375
1p5b,gsm8k,1p5b_gsm8k,predictor,adaptive,3e-06,16,22.840355249936692,108,128,0.84375
1p5b,gsm8k,1p5b_gsm8k,predictor,adaptive,3e-06,32,44.12052792799659,113,128,0.8828125
1p5b,gsm8k,1p5b_gsm8k,true_gradient,mean,1e-05,0,0.0,111,128,0.8671875
1p5b,gsm8k,1p5b_gsm8k,true_gradient,mean,1e-05,8,2.4269014028832316,110,128,0.859375
1p5b,gsm8k,1p5b_gsm8k,true_gradient,mean,1e-05,16,4.8902421878883615,112,128,0.875
1p5b,gsm8k,1p5b_gsm8k,true_gradient,mean,1e-05,32,9.825394644285552,112,128,0.875
1p5b,math,1p5b_math,predictor,frozen,3e-05,0,0.0,76,128,0.59375
1p5b,math,1p5b_math,predictor,frozen,3e-05,8,1.4200935349799693,70,128,0.546875
1p5b,math,1p5b_math,predictor,frozen,3e-05,16,2.58608570182696,73,128,0.5703125
1p5b,math,1p5b_math,predictor,frozen,3e-05,32,4.836171651841141,74,128,0.578125
1p5b,math,1p5b_math,true_gradient,oracle,1e-05,0,0.0,76,128,0.59375
1p5b,math,1p5b_math,true_gradient,oracle,1e-05,8,5.834454952273518,72,128,0.5625
1p5b,math,1p5b_math,true_gradient,oracle,1e-05,16,11.067195358453318,70,128,0.546875
1p5b,math,1p5b_math,true_gradient,oracle,1e-05,32,21.60085819067899,73,128,0.5703125
1p5b,arc_easy,1p5b_arc_easy,predictor,frozen,3e-06,0,0.0,110,128,0.859375
1p5b,arc_easy,1p5b_arc_easy,predictor,frozen,3e-06,8,0.8651375629706308,109,128,0.8515625
1p5b,arc_easy,1p5b_arc_easy,predictor,frozen,3e-06,16,1.637758887023665,110,128,0.859375
1p5b,arc_easy,1p5b_arc_easy,predictor,frozen,3e-06,32,3.186202146112919,110,128,0.859375
1p5b,arc_easy,1p5b_arc_easy,true_gradient,mean,1e-05,0,0.0,110,128,0.859375
1p5b,arc_easy,1p5b_arc_easy,true_gradient,mean,1e-05,8,2.369042206904851,109,128,0.8515625
1p5b,arc_easy,1p5b_arc_easy,true_gradient,mean,1e-05,16,4.769684724858962,109,128,0.8515625
1p5b,arc_easy,1p5b_arc_easy,true_gradient,mean,1e-05,32,9.580522615811788,110,128,0.859375
1p5b,arc_challenge,1p5b_arc_challenge,predictor,frozen,3e-05,0,0.0,103,128,0.8046875
1p5b,arc_challenge,1p5b_arc_challenge,predictor,frozen,3e-05,8,0.67691518610809,103,128,0.8046875
1p5b,arc_challenge,1p5b_arc_challenge,predictor,frozen,3e-05,16,1.3399587773019448,103,128,0.8046875
1p5b,arc_challenge,1p5b_arc_challenge,predictor,frozen,3e-05,32,2.656626103213057,103,128,0.8046875
1p5b,arc_challenge,1p5b_arc_challenge,true_gradient,mean,1e-05,0,0.0,103,128,0.8046875
1p5b,arc_challenge,1p5b_arc_challenge,true_gradient,mean,1e-05,8,2.144831082201563,103,128,0.8046875
1p5b,arc_challenge,1p5b_arc_challenge,true_gradient,mean,1e-05,16,4.495452573290095,103,128,0.8046875
1p5b,arc_challenge,1p5b_arc_challenge,true_gradient,mean,1e-05,32,9.085680522373877,103,128,0.8046875
1p5b,openbookqa,1p5b_openbookqa,predictor,periodic8,3e-05,0,0.0,99,128,0.7734375
1p5b,openbookqa,1p5b_openbookqa,predictor,periodic8,3e-05,8,1.7262561661191285,100,128,0.78125
1p5b,openbookqa,1p5b_openbookqa,predictor,periodic8,3e-05,16,3.4438841860974208,100,128,0.78125
1p5b,openbookqa,1p5b_openbookqa,predictor,periodic8,3e-05,32,7.046504835248925,102,128,0.796875
1p5b,openbookqa,1p5b_openbookqa,true_gradient,oracle,0.0001,0,0.0,99,128,0.7734375
1p5b,openbookqa,1p5b_openbookqa,true_gradient,oracle,0.0001,8,3.7346589929657057,99,128,0.7734375
1p5b,openbookqa,1p5b_openbookqa,true_gradient,oracle,0.0001,16,7.456013216986321,99,128,0.7734375
1p5b,openbookqa,1p5b_openbookqa,true_gradient,oracle,0.0001,32,13.714929130277596,101,128,0.7890625
1p5b,boolq,1p5b_boolq,predictor,adaptive,1e-05,0,0.0,106,128,0.828125
1p5b,boolq,1p5b_boolq,predictor,adaptive,1e-05,8,10.402873101993464,104,128,0.8125
1p5b,boolq,1p5b_boolq,predictor,adaptive,1e-05,16,20.90043330891058,104,128,0.8125
1p5b,boolq,1p5b_boolq,predictor,adaptive,1e-05,32,42.218265936826356,106,128,0.828125
1p5b,boolq,1p5b_boolq,true_gradient,oracle,3e-06,0,0.0,106,128,0.828125
1p5b,boolq,1p5b_boolq,true_gradient,oracle,3e-06,8,4.010692507959902,107,128,0.8359375
1p5b,boolq,1p5b_boolq,true_gradient,oracle,3e-06,16,7.9487463417463005,107,128,0.8359375
1p5b,boolq,1p5b_boolq,true_gradient,oracle,3e-06,32,15.907635319745168,107,128,0.8359375
7b,countdown,7b_countdown,predictor,adaptive,3e-06,0,0.0,50,128,0.390625
7b,countdown,7b_countdown,predictor,adaptive,3e-06,8,13.8501889759209,45,128,0.3515625
7b,countdown,7b_countdown,predictor,adaptive,3e-06,16,27.30594625195954,40,128,0.3125
7b,countdown,7b_countdown,predictor,adaptive,3e-06,32,53.78723491099663,45,128,0.3515625
7b,countdown,7b_countdown,true_gradient,mean,3e-06,0,0.0,50,128,0.390625
7b,countdown,7b_countdown,true_gradient,mean,3e-06,8,2.9580491059459746,44,128,0.34375
7b,countdown,7b_countdown,true_gradient,mean,3e-06,16,5.9326509879902005,43,128,0.3359375
7b,countdown,7b_countdown,true_gradient,mean,3e-06,32,11.869883791194297,47,128,0.3671875
7b,gsm8k,7b_gsm8k,predictor,frozen,1e-05,0,0.0,120,128,0.9375
7b,gsm8k,7b_gsm8k,predictor,frozen,1e-05,8,1.3867683069547638,119,128,0.9296875
7b,gsm8k,7b_gsm8k,predictor,frozen,1e-05,16,2.828893735888414,119,128,0.9296875
7b,gsm8k,7b_gsm8k,predictor,frozen,1e-05,32,5.6950985309667885,120,128,0.9375
7b,gsm8k,7b_gsm8k,true_gradient,oracle,1e-05,0,0.0,120,128,0.9375
7b,gsm8k,7b_gsm8k,true_gradient,oracle,1e-05,8,6.041934621054679,119,128,0.9296875
7b,gsm8k,7b_gsm8k,true_gradient,oracle,1e-05,16,12.390210760058835,119,128,0.9296875
7b,gsm8k,7b_gsm8k,true_gradient,oracle,1e-05,32,24.986210596514866,121,128,0.9453125
7b,aqua,7b_aqua,predictor,periodic8,3e-06,0,0.0,102,128,0.796875
7b,aqua,7b_aqua,predictor,periodic8,3e-06,8,2.9576321041677147,100,128,0.78125
7b,aqua,7b_aqua,predictor,periodic8,3e-06,16,5.797664453042671,98,128,0.765625
7b,aqua,7b_aqua,predictor,periodic8,3e-06,32,11.64041154005099,102,128,0.796875
7b,aqua,7b_aqua,true_gradient,oracle20,0.0001,0,0.0,102,128,0.796875
7b,aqua,7b_aqua,true_gradient,oracle20,0.0001,8,3.698493706062436,96,128,0.75
7b,aqua,7b_aqua,true_gradient,oracle20,0.0001,16,7.279663548106328,95,128,0.7421875
7b,aqua,7b_aqua,true_gradient,oracle20,0.0001,32,14.313038341002539,99,128,0.7734375
7b,arc_challenge,7b_arc_challenge,predictor,frozen,3e-06,0,0.0,117,128,0.9140625
7b,arc_challenge,7b_arc_challenge,predictor,frozen,3e-06,8,1.0238718278706074,117,128,0.9140625
7b,arc_challenge,7b_arc_challenge,predictor,frozen,3e-06,16,1.9012635678518564,117,128,0.9140625
7b,arc_challenge,7b_arc_challenge,predictor,frozen,3e-06,32,3.6483981339260936,117,128,0.9140625
7b,arc_challenge,7b_arc_challenge,true_gradient,oracle,3e-05,0,0.0,117,128,0.9140625
7b,arc_challenge,7b_arc_challenge,true_gradient,oracle,3e-05,8,3.8157310591777787,117,128,0.9140625
7b,arc_challenge,7b_arc_challenge,true_gradient,oracle,3e-05,16,7.650432122172788,117,128,0.9140625
7b,arc_challenge,7b_arc_challenge,true_gradient,oracle,3e-05,32,15.290635540965013,117,128,0.9140625
