model,task,comparison,predictor_method,baseline_method,n,delta_pp,ci95_low_pp,ci95_high_pp,gained,lost,mcnemar_p,holm_adjusted_p,family_size,combined_holm_adjusted_p,combined_family_size,condition,mean_matrix_lr,predictor_accuracy,mean_matrix_accuracy,mean_matrix_online_seconds,mean_matrix_offline_seconds,mean_matrix_train_examples,secondary_holm_adjusted_p,secondary_family_size
1p5b,countdown,selected_predictor - base,periodic8,base,2048,-0.1953125,-1.611328125,1.220703125,106,110,0.8383158696331666,1.0,26,1.0,39,,,,,,,,,
1p5b,countdown,selected_predictor - best_real,periodic8,oracle20,2048,0.390625,-0.9765625,1.7578125,105,97,0.6224628095571957,1.0,26,1.0,39,,,,,,,,,
1p5b,svamp,selected_predictor - base,adaptive,base,300,-3.3333333333333335,-6.666666666666667,0.0,9,19,0.08715855330228806,1.0,26,1.0,39,,,,,,,,,
1p5b,svamp,selected_predictor - best_real,adaptive,mean,300,1.0,-1.6666666666666667,4.0,11,8,0.6476058959960938,1.0,26,1.0,39,,,,,,,,,
1p5b,aqua,selected_predictor - base,adaptive,base,254,-1.574803149606299,-6.299212598425196,3.149606299212598,16,20,0.617719317029696,1.0,26,1.0,39,,,,,,,,,
1p5b,aqua,selected_predictor - best_real,adaptive,oracle,254,-1.574803149606299,-5.511811023622047,2.3622047244094486,11,15,0.557197093963623,1.0,26,1.0,39,,,,,,,,,
1p5b,gsm8k,selected_predictor - base,adaptive,base,1319,0.37907505686125853,-0.9097801364670205,1.6679302501895377,41,36,0.6487911623106449,1.0,26,1.0,39,,,,,,,,,
1p5b,gsm8k,selected_predictor - best_real,adaptive,mean,1319,-0.22744503411675512,-1.5163002274450341,1.061410159211524,36,39,0.8175538505509841,1.0,26,1.0,39,,,,,,,,,
1p5b,math,selected_predictor - base,frozen,base,500,0.2,-2.6,3.0,25,24,1.0,1.0,26,1.0,39,,,,,,,,,
1p5b,math,selected_predictor - best_real,frozen,oracle,500,-0.4,-3.4000000000000004,2.6,29,31,0.8974218269914307,1.0,26,1.0,39,,,,,,,,,
1p5b,arc_easy,selected_predictor - base,frozen,base,2376,0.5471380471380471,0.04208754208754208,1.0521885521885523,25,12,0.04703102743951604,1.0,26,1.0,39,,,,,,,,,
1p5b,arc_easy,selected_predictor - best_real,frozen,mean,2376,-0.42087542087542085,-0.7575757575757576,-0.12626262626262627,3,13,0.021270751953125,0.55303955078125,26,0.829559326171875,39,,,,,,,,,
1p5b,arc_challenge,selected_predictor - base,frozen,base,1172,-0.7679180887372014,-2.218430034129693,0.6825938566552902,33,42,0.3556992390814873,1.0,26,1.0,39,,,,,,,,,
1p5b,arc_challenge,selected_predictor - best_real,frozen,mean,1172,-0.5972696245733788,-1.1945392491467577,0.0,3,10,0.09228515625,1.0,26,1.0,39,,,,,,,,,
1p5b,openbookqa,selected_predictor - base,periodic8,base,500,2.6,-0.2,5.4,31,18,0.08543313315739454,1.0,26,1.0,39,,,,,,,,,
1p5b,openbookqa,selected_predictor - best_real,periodic8,oracle,500,-1.7999999999999998,-3.4000000000000004,-0.4,3,12,0.03515625,0.84375,26,1.0,39,,,,,,,,,
1p5b,boolq,selected_predictor - base,adaptive,base,3270,1.1926605504587156,0.1529051987767584,2.232415902140673,172,133,0.02939825163125781,0.7349562907814453,26,1.0,39,,,,,,,,,
1p5b,boolq,selected_predictor - best_real,adaptive,oracle,3270,0.1834862385321101,-0.12232415902140673,0.4892966360856269,16,10,0.32693958282470703,1.0,26,1.0,39,,,,,,,,,
7b,countdown,selected_predictor - base,adaptive,base,2048,-0.48828125,-2.099609375,1.123046875,138,148,0.5946780571488709,1.0,26,1.0,39,,,,,,,,,
7b,countdown,selected_predictor - best_real,adaptive,mean,2048,-1.26953125,-2.783203125,0.244140625,112,138,0.11366557945973885,1.0,26,1.0,39,,,,,,,,,
7b,gsm8k,selected_predictor - base,frozen,base,1319,0.3032600454890068,-0.6823351023502654,1.288855193328279,25,21,0.6587380770236564,1.0,26,1.0,39,,,,,,,,,
7b,gsm8k,selected_predictor - best_real,frozen,oracle,1319,0.530705079605762,-0.1516300227445034,1.2130401819560273,15,8,0.21003961563110352,1.0,26,1.0,39,,,,,,,,,
7b,aqua,selected_predictor - base,periodic8,base,254,1.1811023622047243,-2.3622047244094486,4.724409448818897,13,10,0.6776394844055176,1.0,26,1.0,39,,,,,,,,,
7b,aqua,selected_predictor - best_real,periodic8,oracle20,254,0.7874015748031495,-3.149606299212598,4.724409448818897,13,11,0.8388197422027588,1.0,26,1.0,39,,,,,,,,,
7b,arc_challenge,selected_predictor - base,frozen,base,1172,-0.42662116040955633,-1.3651877133105803,0.5119453924914675,13,18,0.47312965989112854,1.0,26,1.0,39,,,,,,,,,
7b,arc_challenge,selected_predictor - best_real,frozen,oracle,1172,0.0,-0.25597269624573377,0.25597269624573377,1,1,1.0,1.0,26,1.0,39,,,,,,,,,
1p5b,aqua,selected_predictor - train_mean_matrix,adaptive,,254,2.3622047244094486,-1.574803149606299,6.299212598425196,17,11,0.34492845088243484,,,1.0,39,1p5b_aqua,3e-05,0.5393700787401575,0.515748031496063,0.04501196974888444,32.606098598917015,2048,1.0,13
1p5b,arc_challenge,selected_predictor - train_mean_matrix,frozen,,1172,-0.42662116040955633,-1.1092150170648465,0.17064846416382254,5,10,0.30175781249999994,,,1.0,39,1p5b_arc_challenge,3e-06,0.7286689419795221,0.7329351535836177,0.19563124363776296,8.313611684017815,512,1.0,13
1p5b,arc_easy,selected_predictor - train_mean_matrix,frozen,,2376,-0.33670033670033667,-0.6734006734006733,0.0,4,12,0.076812744140625,,,1.0,39,1p5b_arc_easy,1e-05,0.8796296296296297,0.882996632996633,0.0445856221485883,17.250252581667155,1024,0.9217529296875,13
1p5b,boolq,selected_predictor - train_mean_matrix,adaptive,,3270,0.21406727828746178,-0.09174311926605505,0.5198776758409785,16,9,0.2295229434967041,,,1.0,39,1p5b_boolq,3e-06,0.7902140672782875,0.7880733944954128,0.1850574502022937,37.267583411885425,2048,1.0,13
1p5b,countdown,selected_predictor - train_mean_matrix,periodic8,,2048,-1.708984375,-3.41796875,0.0,143,178,0.057567089918183253,,,1.0,39,1p5b_countdown,0.0001,0.1025390625,0.11962890625,0.04502703214529902,32.83459971798584,2048,0.7483721689363823,13
1p5b,gsm8k,selected_predictor - train_mean_matrix,adaptive,,1319,-0.37907505686125853,-1.6679302501895377,0.9097801364670205,36,41,0.6487911623106449,,,1.0,39,1p5b_gsm8k,1e-05,0.734647460197119,0.7384382107657316,0.04521897132508457,37.383881461340934,2048,1.0,13
1p5b,math,selected_predictor - train_mean_matrix,frozen,,500,-0.2,-2.6,2.1999999999999997,18,19,1.0,,,1.0,39,1p5b_math,3e-05,0.562,0.564,0.048297407804057,45.34367726359051,2048,1.0,13
1p5b,openbookqa,selected_predictor - train_mean_matrix,periodic8,,500,-0.4,-1.7999999999999998,1.0,6,8,0.79052734375,,,1.0,39,1p5b_openbookqa,1e-05,0.762,0.766,0.0498726210789755,32.41551381768659,2048,1.0,13
1p5b,svamp,selected_predictor - train_mean_matrix,adaptive,,300,-0.6666666666666667,-3.3333333333333335,2.0,7,9,0.803619384765625,,,1.0,39,1p5b_svamp,1e-05,0.84,0.8466666666666667,0.04501972999423742,5.632239175029099,320,1.0,13
7b,aqua,selected_predictor - train_mean_matrix,periodic8,,254,-2.3622047244094486,-6.299212598425196,1.574803149606299,11,17,0.34492845088243484,,,1.0,39,7b_aqua,0.0001,0.7834645669291339,0.8070866141732284,0.4527249737875536,52.0752061723033,2048,1.0,13
7b,arc_challenge,selected_predictor - train_mean_matrix,frozen,,1172,0.0,-0.3412969283276451,0.3412969283276451,2,2,1.0,,,1.0,39,7b_arc_challenge,1e-05,0.8984641638225256,0.8984641638225256,0.4424838291015476,9.895442078704946,512,1.0,13
7b,countdown,selected_predictor - train_mean_matrix,adaptive,,2048,0.341796875,-1.220703125,1.953125,141,134,0.7175629623261878,,,1.0,39,7b_countdown,3e-06,0.369140625,0.36572265625,0.566988610313274,50.32307871559169,2048,1.0,13
7b,gsm8k,selected_predictor - train_mean_matrix,frozen,,1319,0.0,-0.7581501137225171,0.7581501137225171,14,14,1.0,,,1.0,39,7b_gsm8k,3e-06,0.9196360879454132,0.9196360879454132,0.6614325748523697,53.90316471690312,2048,1.0,13
