model,task,tag,method,lr,n,correct,accuracy,strict_accuracy,legacy_correct,legacy_accuracy,literal_option_text_count,limit_hits,mean_tokens,seconds,boxed_fraction,raw_path
1p5b,countdown,1p5b_countdown__base,base,0,2048,214,0.1044921875,0.1044921875,214,0.1044921875,0,1472,1584.7529296875,508.8002254962921,0.2822265625,/mnt/micron/yixiaore/adapter/predictor/scaling_domains_20260930/results/eval/final_1p5b/1p5b_countdown__base__countdown.jsonl
1p5b,countdown,1p5b_countdown__warmup,warmup,0,2048,243,0.11865234375,0.11865234375,243,0.11865234375,0,1444,1569.13916015625,730.9017860889435,0.2958984375,/mnt/micron/yixiaore/adapter/predictor/scaling_domains_20260930/results/eval/final_1p5b/1p5b_countdown__warmup__countdown.jsonl
1p5b,countdown,1p5b_countdown__oracle_lr3e-05_s101__step32,oracle,3e-05,2048,209,0.10205078125,0.1015625,209,0.10205078125,0,1447,1568.11181640625,549.9390296936035,0.2939453125,/mnt/micron/yixiaore/adapter/predictor/scaling_domains_20260930/results/eval/final_1p5b/1p5b_countdown__oracle_lr3e-05_s101__step32__countdown.jsonl
1p5b,countdown,1p5b_countdown__oracle20_lr1e-05_s101__step32,oracle20,1e-05,2048,202,0.0986328125,0.09814453125,202,0.0986328125,0,1478,1590.1142578125,559.6443650722504,0.2802734375,/mnt/micron/yixiaore/adapter/predictor/scaling_domains_20260930/results/eval/final_1p5b/1p5b_countdown__oracle20_lr1e-05_s101__step32__countdown.jsonl
1p5b,countdown,1p5b_countdown__mean_lr3e-06_s101__step32,mean,3e-06,2048,190,0.0927734375,0.0927734375,190,0.0927734375,0,1462,1581.84912109375,543.8111567497253,0.2890625,/mnt/micron/yixiaore/adapter/predictor/scaling_domains_20260930/results/eval/final_1p5b/1p5b_countdown__mean_lr3e-06_s101__step32__countdown.jsonl
1p5b,countdown,1p5b_countdown__frozen_lr3e-06_s101__step32,frozen,3e-06,2048,194,0.0947265625,0.0947265625,194,0.0947265625,0,1484,1596.6259765625,561.436891078949,0.27685546875,/mnt/micron/yixiaore/adapter/predictor/scaling_domains_20260930/results/eval/final_1p5b/1p5b_countdown__frozen_lr3e-06_s101__step32__countdown.jsonl
1p5b,countdown,1p5b_countdown__adaptive_lr3e-05_s101__step32,adaptive,3e-05,2048,207,0.10107421875,0.10107421875,207,0.10107421875,0,1478,1593.8193359375,550.3977243900299,0.2802734375,/mnt/micron/yixiaore/adapter/predictor/scaling_domains_20260930/results/eval/final_1p5b/1p5b_countdown__adaptive_lr3e-05_s101__step32__countdown.jsonl
1p5b,countdown,1p5b_countdown__periodic8_lr3e-05_s101__step32,periodic8,3e-05,2048,210,0.1025390625,0.1025390625,210,0.1025390625,0,1425,1549.52490234375,533.8865666389465,0.3056640625,/mnt/micron/yixiaore/adapter/predictor/scaling_domains_20260930/results/eval/final_1p5b/1p5b_countdown__periodic8_lr3e-05_s101__step32__countdown.jsonl
1p5b,countdown,1p5b_countdown__oracle20_lr3e-05_s101__step32,oracle20,3e-05,2048,192,0.09375,0.09375,192,0.09375,0,1455,1576.12255859375,544.9825749397278,0.29150390625,/mnt/micron/yixiaore/adapter/predictor/scaling_domains_20260930/results/eval/final_1p5b/1p5b_countdown__oracle20_lr3e-05_s101__step32__countdown.jsonl
1p5b,countdown,1p5b_countdown__mean_lr3e-05_s101__step32,mean,3e-05,2048,206,0.1005859375,0.1005859375,206,0.1005859375,0,1422,1547.36767578125,532.3204305171967,0.30712890625,/mnt/micron/yixiaore/adapter/predictor/scaling_domains_20260930/results/eval/final_1p5b/1p5b_countdown__mean_lr3e-05_s101__step32__countdown.jsonl
1p5b,countdown,1p5b_countdown__frozen_lr3e-05_s101__step32,frozen,3e-05,2048,201,0.09814453125,0.09814453125,201,0.09814453125,0,1457,1577.07470703125,541.9558148384094,0.2919921875,/mnt/micron/yixiaore/adapter/predictor/scaling_domains_20260930/results/eval/final_1p5b/1p5b_countdown__frozen_lr3e-05_s101__step32__countdown.jsonl
1p5b,svamp,1p5b_svamp__base,base,0,300,262,0.8733333333333333,0.6866666666666666,262,0.8733333333333333,0,0,177.07333333333332,16.995542526245117,0.7733333333333333,/mnt/micron/yixiaore/adapter/predictor/scaling_domains_20260930/results/eval/final_1p5b/1p5b_svamp__base__svamp.jsonl
1p5b,svamp,1p5b_svamp__warmup,warmup,0,300,250,0.8333333333333334,0.79,250,0.8333333333333334,0,0,200.12333333333333,25.074477910995483,0.93,/mnt/micron/yixiaore/adapter/predictor/scaling_domains_20260930/results/eval/final_1p5b/1p5b_svamp__warmup__svamp.jsonl
1p5b,svamp,1p5b_svamp__oracle_lr3e-06_s101__step32,oracle,3e-06,300,252,0.84,0.7866666666666666,252,0.84,0,2,207.28666666666666,72.80275893211365,0.91,/mnt/micron/yixiaore/adapter/predictor/scaling_domains_20260930/results/eval/final_1p5b/1p5b_svamp__oracle_lr3e-06_s101__step32__svamp.jsonl
1p5b,svamp,1p5b_svamp__oracle20_lr1e-05_s101__step32,oracle20,1e-05,300,255,0.85,0.7733333333333333,255,0.85,0,1,194.35,72.3733172416687,0.8866666666666667,/mnt/micron/yixiaore/adapter/predictor/scaling_domains_20260930/results/eval/final_1p5b/1p5b_svamp__oracle20_lr1e-05_s101__step32__svamp.jsonl
1p5b,svamp,1p5b_svamp__mean_lr1e-05_s101__step32,mean,1e-05,300,249,0.83,0.7533333333333333,249,0.83,0,0,190.68,25.177623510360718,0.8933333333333333,/mnt/micron/yixiaore/adapter/predictor/scaling_domains_20260930/results/eval/final_1p5b/1p5b_svamp__mean_lr1e-05_s101__step32__svamp.jsonl
1p5b,svamp,1p5b_svamp__frozen_lr1e-05_s101__step32,frozen,1e-05,300,254,0.8466666666666667,0.7766666666666666,254,0.8466666666666667,0,1,203.58,72.34923219680786,0.9,/mnt/micron/yixiaore/adapter/predictor/scaling_domains_20260930/results/eval/final_1p5b/1p5b_svamp__frozen_lr1e-05_s101__step32__svamp.jsonl
1p5b,svamp,1p5b_svamp__adaptive_lr1e-05_s101__step32,adaptive,1e-05,300,252,0.84,0.7766666666666666,252,0.84,0,2,202.87666666666667,72.53124642372131,0.9033333333333333,/mnt/micron/yixiaore/adapter/predictor/scaling_domains_20260930/results/eval/final_1p5b/1p5b_svamp__adaptive_lr1e-05_s101__step32__svamp.jsonl
1p5b,svamp,1p5b_svamp__periodic8_lr1e-05_s101__step32,periodic8,1e-05,300,253,0.8433333333333334,0.78,253,0.8433333333333334,0,0,192.94333333333333,25.5581316947937,0.9133333333333333,/mnt/micron/yixiaore/adapter/predictor/scaling_domains_20260930/results/eval/final_1p5b/1p5b_svamp__periodic8_lr1e-05_s101__step32__svamp.jsonl
1p5b,svamp,1p5b_svamp__oracle_lr1e-05_s101__step32,oracle,1e-05,300,253,0.8433333333333334,0.76,253,0.8433333333333334,0,0,188.98333333333332,25.25592303276062,0.8866666666666667,/mnt/micron/yixiaore/adapter/predictor/scaling_domains_20260930/results/eval/final_1p5b/1p5b_svamp__oracle_lr1e-05_s101__step32__svamp.jsonl
1p5b,aqua,1p5b_aqua__base,base,0,254,141,0.5551181102362205,0.38976377952755903,99,0.38976377952755903,57,18,561.9015748031496,48.74051117897034,0.9291338582677166,/mnt/micron/yixiaore/adapter/predictor/scaling_domains_20260930/results/eval/final_1p5b/1p5b_aqua__base__aqua.jsonl
1p5b,aqua,1p5b_aqua__warmup,warmup,0,254,143,0.562992125984252,0.40551181102362205,103,0.40551181102362205,52,20,581.5708661417323,74.34010672569275,0.9212598425196851,/mnt/micron/yixiaore/adapter/predictor/scaling_domains_20260930/results/eval/final_1p5b/1p5b_aqua__warmup__aqua.jsonl
1p5b,aqua,1p5b_aqua__oracle_lr1e-05_s101__step32,oracle,1e-05,254,141,0.5551181102362205,0.39763779527559057,101,0.39763779527559057,54,23,588.5433070866142,74.1116669178009,0.9094488188976378,/mnt/micron/yixiaore/adapter/predictor/scaling_domains_20260930/results/eval/final_1p5b/1p5b_aqua__oracle_lr1e-05_s101__step32__aqua.jsonl
1p5b,aqua,1p5b_aqua__oracle20_lr3e-06_s101__step32,oracle20,3e-06,254,143,0.562992125984252,0.39763779527559057,101,0.39763779527559057,60,17,556.1456692913385,74.16260123252869,0.9330708661417323,/mnt/micron/yixiaore/adapter/predictor/scaling_domains_20260930/results/eval/final_1p5b/1p5b_aqua__oracle20_lr3e-06_s101__step32__aqua.jsonl
1p5b,aqua,1p5b_aqua__mean_lr1e-05_s101__step32,mean,1e-05,254,132,0.5196850393700787,0.3858267716535433,98,0.3858267716535433,48,20,569.1929133858267,73.81943464279175,0.9212598425196851,/mnt/micron/yixiaore/adapter/predictor/scaling_domains_20260930/results/eval/final_1p5b/1p5b_aqua__mean_lr1e-05_s101__step32__aqua.jsonl
1p5b,aqua,1p5b_aqua__frozen_lr3e-05_s101__step32,frozen,3e-05,254,139,0.547244094488189,0.4251968503937008,108,0.4251968503937008,42,20,553.3503937007874,73.56216168403625,0.9173228346456693,/mnt/micron/yixiaore/adapter/predictor/scaling_domains_20260930/results/eval/final_1p5b/1p5b_aqua__frozen_lr3e-05_s101__step32__aqua.jsonl
1p5b,aqua,1p5b_aqua__adaptive_lr1e-05_s101__step32,adaptive,1e-05,254,137,0.5393700787401575,0.37401574803149606,95,0.37401574803149606,53,17,555.9291338582677,73.34934830665588,0.9330708661417323,/mnt/micron/yixiaore/adapter/predictor/scaling_domains_20260930/results/eval/final_1p5b/1p5b_aqua__adaptive_lr1e-05_s101__step32__aqua.jsonl
1p5b,aqua,1p5b_aqua__periodic8_lr3e-06_s101__step32,periodic8,3e-06,254,135,0.531496062992126,0.38188976377952755,97,0.38188976377952755,51,18,566.0551181102362,73.48346161842346,0.9291338582677166,/mnt/micron/yixiaore/adapter/predictor/scaling_domains_20260930/results/eval/final_1p5b/1p5b_aqua__periodic8_lr3e-06_s101__step32__aqua.jsonl
1p5b,aqua,1p5b_aqua__oracle20_lr1e-05_s101__step32,oracle20,1e-05,254,133,0.5236220472440944,0.37401574803149606,95,0.37401574803149606,55,20,568.6338582677165,73.30330896377563,0.9212598425196851,/mnt/micron/yixiaore/adapter/predictor/scaling_domains_20260930/results/eval/final_1p5b/1p5b_aqua__oracle20_lr1e-05_s101__step32__aqua.jsonl
1p5b,aqua,1p5b_aqua__frozen_lr1e-05_s101__step32,frozen,1e-05,254,141,0.5551181102362205,0.39763779527559057,101,0.39763779527559057,53,21,567.9133858267717,73.56568932533264,0.9173228346456693,/mnt/micron/yixiaore/adapter/predictor/scaling_domains_20260930/results/eval/final_1p5b/1p5b_aqua__frozen_lr1e-05_s101__step32__aqua.jsonl
1p5b,gsm8k,1p5b_gsm8k__base,base,0,1319,964,0.7308567096285065,0.7194844579226687,964,0.7308567096285065,0,8,303.7748294162244,126.03359031677246,0.978013646702047,/mnt/micron/yixiaore/adapter/predictor/scaling_domains_20260930/results/eval/final_1p5b/1p5b_gsm8k__base__gsm8k.jsonl
1p5b,gsm8k,1p5b_gsm8k__warmup,warmup,0,1319,979,0.7422289613343442,0.7278241091736164,979,0.7422289613343442,0,7,301.7445034116755,193.31089210510254,0.9742228961334344,/mnt/micron/yixiaore/adapter/predictor/scaling_domains_20260930/results/eval/final_1p5b/1p5b_gsm8k__warmup__gsm8k.jsonl
1p5b,gsm8k,1p5b_gsm8k__oracle_lr3e-06_s101__step32,oracle,3e-06,1319,984,0.7460197119029568,0.730098559514784,984,0.7460197119029568,0,6,300.3737680060652,191.56848978996277,0.9742228961334344,/mnt/micron/yixiaore/adapter/predictor/scaling_domains_20260930/results/eval/final_1p5b/1p5b_gsm8k__oracle_lr3e-06_s101__step32__gsm8k.jsonl
1p5b,gsm8k,1p5b_gsm8k__oracle20_lr1e-05_s101__step32,oracle20,1e-05,1319,980,0.7429871114480667,0.7179681576952237,980,0.7429871114480667,0,4,299.31084154662625,192.64433312416077,0.9628506444275967,/mnt/micron/yixiaore/adapter/predictor/scaling_domains_20260930/results/eval/final_1p5b/1p5b_gsm8k__oracle20_lr1e-05_s101__step32__gsm8k.jsonl
1p5b,gsm8k,1p5b_gsm8k__mean_lr1e-05_s101__step32,mean,1e-05,1319,972,0.7369219105382866,0.7149355572403336,972,0.7369219105382866,0,8,301.8733889310083,192.63126015663147,0.9666413949962093,/mnt/micron/yixiaore/adapter/predictor/scaling_domains_20260930/results/eval/final_1p5b/1p5b_gsm8k__mean_lr1e-05_s101__step32__gsm8k.jsonl
1p5b,gsm8k,1p5b_gsm8k__frozen_lr3e-06_s101__step32,frozen,3e-06,1319,973,0.7376800606520091,0.7217589082638363,973,0.7376800606520091,0,3,296.78544351781653,177.19652390480042,0.9742228961334344,/mnt/micron/yixiaore/adapter/predictor/scaling_domains_20260930/results/eval/final_1p5b/1p5b_gsm8k__frozen_lr3e-06_s101__step32__gsm8k.jsonl
1p5b,gsm8k,1p5b_gsm8k__adaptive_lr3e-06_s101__step32,adaptive,3e-06,1319,969,0.734647460197119,0.7172100075815011,969,0.734647460197119,0,5,297.9992418498863,176.7597062587738,0.9711902956785443,/mnt/micron/yixiaore/adapter/predictor/scaling_domains_20260930/results/eval/final_1p5b/1p5b_gsm8k__adaptive_lr3e-06_s101__step32__gsm8k.jsonl
1p5b,gsm8k,1p5b_gsm8k__periodic8_lr3e-06_s101__step32,periodic8,3e-06,1319,970,0.7354056103108415,0.7187263078089462,970,0.7354056103108415,0,4,297.8369977255497,176.7510862350464,0.9727065959059894,/mnt/micron/yixiaore/adapter/predictor/scaling_domains_20260930/results/eval/final_1p5b/1p5b_gsm8k__periodic8_lr3e-06_s101__step32__gsm8k.jsonl
1p5b,gsm8k,1p5b_gsm8k__oracle20_lr3e-06_s101__step32,oracle20,3e-06,1319,968,0.7338893100833965,0.7172100075815011,968,0.7338893100833965,0,5,298.42608036391204,194.0893223285675,0.974981046247157,/mnt/micron/yixiaore/adapter/predictor/scaling_domains_20260930/results/eval/final_1p5b/1p5b_gsm8k__oracle20_lr3e-06_s101__step32__gsm8k.jsonl
1p5b,gsm8k,1p5b_gsm8k__mean_lr3e-06_s101__step32,mean,3e-06,1319,976,0.7399545109931767,0.7247915087187263,976,0.7399545109931767,0,6,301.1243366186505,193.268328666687,0.9734647460197119,/mnt/micron/yixiaore/adapter/predictor/scaling_domains_20260930/results/eval/final_1p5b/1p5b_gsm8k__mean_lr3e-06_s101__step32__gsm8k.jsonl
1p5b,math,1p5b_math__base,base,0,500,280,0.56,0.558,280,0.56,0,22,573.156,70.30900025367737,0.954,/mnt/micron/yixiaore/adapter/predictor/scaling_domains_20260930/results/eval/final_1p5b/1p5b_math__base__math.jsonl
1p5b,math,1p5b_math__warmup,warmup,0,500,283,0.566,0.564,283,0.566,0,25,580.872,102.18581986427307,0.948,/mnt/micron/yixiaore/adapter/predictor/scaling_domains_20260930/results/eval/final_1p5b/1p5b_math__warmup__math.jsonl
1p5b,math,1p5b_math__oracle_lr1e-05_s101__step32,oracle,1e-05,500,283,0.566,0.566,283,0.566,0,23,573.132,101.88735485076904,0.954,/mnt/micron/yixiaore/adapter/predictor/scaling_domains_20260930/results/eval/final_1p5b/1p5b_math__oracle_lr1e-05_s101__step32__math.jsonl
1p5b,math,1p5b_math__oracle20_lr1e-05_s101__step32,oracle20,1e-05,500,288,0.576,0.57,288,0.576,0,24,587.546,100.9110198020935,0.95,/mnt/micron/yixiaore/adapter/predictor/scaling_domains_20260930/results/eval/final_1p5b/1p5b_math__oracle20_lr1e-05_s101__step32__math.jsonl
1p5b,math,1p5b_math__mean_lr3e-05_s101__step32,mean,3e-05,500,274,0.548,0.536,274,0.548,0,26,574.716,100.28251338005066,0.936,/mnt/micron/yixiaore/adapter/predictor/scaling_domains_20260930/results/eval/final_1p5b/1p5b_math__mean_lr3e-05_s101__step32__math.jsonl
1p5b,math,1p5b_math__frozen_lr3e-05_s101__step32,frozen,3e-05,500,281,0.562,0.548,281,0.562,0,24,559.778,100.11507606506348,0.934,/mnt/micron/yixiaore/adapter/predictor/scaling_domains_20260930/results/eval/final_1p5b/1p5b_math__frozen_lr3e-05_s101__step32__math.jsonl
1p5b,math,1p5b_math__adaptive_lr3e-05_s101__step32,adaptive,3e-05,500,286,0.572,0.56,286,0.572,0,24,568.366,100.75702595710754,0.93,/mnt/micron/yixiaore/adapter/predictor/scaling_domains_20260930/results/eval/final_1p5b/1p5b_math__adaptive_lr3e-05_s101__step32__math.jsonl
1p5b,math,1p5b_math__periodic8_lr1e-05_s101__step32,periodic8,1e-05,500,278,0.556,0.556,278,0.556,0,30,580.952,102.27114224433899,0.938,/mnt/micron/yixiaore/adapter/predictor/scaling_domains_20260930/results/eval/final_1p5b/1p5b_math__periodic8_lr1e-05_s101__step32__math.jsonl
1p5b,math,1p5b_math__oracle_lr3e-05_s101__step32,oracle,3e-05,500,281,0.562,0.554,281,0.562,0,22,562.48,100.89436674118042,0.944,/mnt/micron/yixiaore/adapter/predictor/scaling_domains_20260930/results/eval/final_1p5b/1p5b_math__oracle_lr3e-05_s101__step32__math.jsonl
1p5b,math,1p5b_math__oracle20_lr3e-05_s101__step32,oracle20,3e-05,500,285,0.57,0.556,285,0.57,0,29,581.226,100.66433215141296,0.924,/mnt/micron/yixiaore/adapter/predictor/scaling_domains_20260930/results/eval/final_1p5b/1p5b_math__oracle20_lr3e-05_s101__step32__math.jsonl
1p5b,arc_easy,1p5b_arc_easy__base,base,0,2376,2077,0.8741582491582491,0.8337542087542088,1981,0.8337542087542088,105,0,6.869949494949495,21.01010799407959,0.9452861952861953,/mnt/micron/yixiaore/adapter/predictor/scaling_domains_20260930/results/eval/final_1p5b/1p5b_arc_easy__base__arc_easy.jsonl
1p5b,arc_easy,1p5b_arc_easy__warmup,warmup,0,2376,2092,0.8804713804713805,0.8754208754208754,2080,0.8754208754208754,14,0,6.444444444444445,19.90172791481018,0.9915824915824916,/mnt/micron/yixiaore/adapter/predictor/scaling_domains_20260930/results/eval/final_1p5b/1p5b_arc_easy__warmup__arc_easy.jsonl
1p5b,arc_easy,1p5b_arc_easy__oracle_lr1e-05_s101__step32,oracle,1e-05,2376,2101,0.8842592592592593,0.8804713804713805,2092,0.8804713804713805,10,0,6.326178451178452,17.82857847213745,0.9957912457912458,/mnt/micron/yixiaore/adapter/predictor/scaling_domains_20260930/results/eval/final_1p5b/1p5b_arc_easy__oracle_lr1e-05_s101__step32__arc_easy.jsonl
1p5b,arc_easy,1p5b_arc_easy__oracle20_lr1e-05_s101__step32,oracle20,1e-05,2376,2100,0.8838383838383839,0.8804713804713805,2092,0.8804713804713805,9,0,6.312710437710438,17.096111297607422,0.9957912457912458,/mnt/micron/yixiaore/adapter/predictor/scaling_domains_20260930/results/eval/final_1p5b/1p5b_arc_easy__oracle20_lr1e-05_s101__step32__arc_easy.jsonl
1p5b,arc_easy,1p5b_arc_easy__mean_lr1e-05_s101__step32,mean,1e-05,2376,2100,0.8838383838383839,0.8813131313131313,2094,0.8813131313131313,7,0,6.3047138047138045,17.16811180114746,0.9962121212121212,/mnt/micron/yixiaore/adapter/predictor/scaling_domains_20260930/results/eval/final_1p5b/1p5b_arc_easy__mean_lr1e-05_s101__step32__arc_easy.jsonl
1p5b,arc_easy,1p5b_arc_easy__frozen_lr3e-06_s101__step32,frozen,3e-06,2376,2090,0.8796296296296297,0.8737373737373737,2076,0.8737373737373737,16,0,6.431397306397306,20.069677591323853,0.9907407407407407,/mnt/micron/yixiaore/adapter/predictor/scaling_domains_20260930/results/eval/final_1p5b/1p5b_arc_easy__frozen_lr3e-06_s101__step32__arc_easy.jsonl
1p5b,arc_easy,1p5b_arc_easy__adaptive_lr3e-05_s101__step32,adaptive,3e-05,2376,2100,0.8838383838383839,0.8825757575757576,2097,0.8825757575757576,2,0,6.096801346801347,12.192330121994019,0.9991582491582491,/mnt/micron/yixiaore/adapter/predictor/scaling_domains_20260930/results/eval/final_1p5b/1p5b_arc_easy__adaptive_lr3e-05_s101__step32__arc_easy.jsonl
1p5b,arc_easy,1p5b_arc_easy__periodic8_lr3e-06_s101__step32,periodic8,3e-06,2376,2094,0.8813131313131313,0.8741582491582491,2077,0.8741582491582491,19,0,6.513888888888889,19.928911209106445,0.9890572390572391,/mnt/micron/yixiaore/adapter/predictor/scaling_domains_20260930/results/eval/final_1p5b/1p5b_arc_easy__periodic8_lr3e-06_s101__step32__arc_easy.jsonl
1p5b,arc_easy,1p5b_arc_easy__oracle_lr3e-06_s101__step32,oracle,3e-06,2376,2100,0.8838383838383839,0.8796296296296297,2090,0.8796296296296297,12,0,6.449074074074074,19.86482071876526,0.9936868686868687,/mnt/micron/yixiaore/adapter/predictor/scaling_domains_20260930/results/eval/final_1p5b/1p5b_arc_easy__oracle_lr3e-06_s101__step32__arc_easy.jsonl
1p5b,arc_easy,1p5b_arc_easy__oracle20_lr3e-06_s101__step32,oracle20,3e-06,2376,2095,0.8817340067340067,0.8766835016835017,2083,0.8766835016835017,14,0,6.436447811447811,19.643449544906616,0.9911616161616161,/mnt/micron/yixiaore/adapter/predictor/scaling_domains_20260930/results/eval/final_1p5b/1p5b_arc_easy__oracle20_lr3e-06_s101__step32__arc_easy.jsonl
1p5b,arc_easy,1p5b_arc_easy__mean_lr3e-06_s101__step32,mean,3e-06,2376,2096,0.8821548821548821,0.877104377104377,2084,0.877104377104377,14,0,6.4393939393939394,19.499860286712646,0.9915824915824916,/mnt/micron/yixiaore/adapter/predictor/scaling_domains_20260930/results/eval/final_1p5b/1p5b_arc_easy__mean_lr3e-06_s101__step32__arc_easy.jsonl
1p5b,arc_challenge,1p5b_arc_challenge__base,base,0,1172,863,0.7363481228668942,0.6791808873720137,796,0.6791808873720137,72,0,10.651877133105803,22.396601915359497,0.9257679180887372,/mnt/micron/yixiaore/adapter/predictor/scaling_domains_20260930/results/eval/final_1p5b/1p5b_arc_challenge__base__arc_challenge.jsonl
1p5b,arc_challenge,1p5b_arc_challenge__warmup,warmup,0,1172,855,0.7295221843003413,0.726962457337884,852,0.726962457337884,7,0,6.021331058020478,2.77949595451355,1.0,/mnt/micron/yixiaore/adapter/predictor/scaling_domains_20260930/results/eval/final_1p5b/1p5b_arc_challenge__warmup__arc_challenge.jsonl
1p5b,arc_challenge,1p5b_arc_challenge__oracle_lr3e-06_s101__step32,oracle,3e-06,1172,859,0.7329351535836177,0.7295221843003413,855,0.7295221843003413,8,0,6.022184300341297,2.579644203186035,1.0,/mnt/micron/yixiaore/adapter/predictor/scaling_domains_20260930/results/eval/final_1p5b/1p5b_arc_challenge__oracle_lr3e-06_s101__step32__arc_challenge.jsonl
1p5b,arc_challenge,1p5b_arc_challenge__oracle20_lr1e-05_s101__step32,oracle20,1e-05,1172,863,0.7363481228668942,0.734641638225256,861,0.734641638225256,5,0,6.010238907849829,2.5471396446228027,1.0,/mnt/micron/yixiaore/adapter/predictor/scaling_domains_20260930/results/eval/final_1p5b/1p5b_arc_challenge__oracle20_lr1e-05_s101__step32__arc_challenge.jsonl
1p5b,arc_challenge,1p5b_arc_challenge__mean_lr1e-05_s101__step32,mean,1e-05,1172,861,0.734641638225256,0.7312286689419796,857,0.7312286689419796,8,0,6.01962457337884,2.6961891651153564,1.0,/mnt/micron/yixiaore/adapter/predictor/scaling_domains_20260930/results/eval/final_1p5b/1p5b_arc_challenge__mean_lr1e-05_s101__step32__arc_challenge.jsonl
1p5b,arc_challenge,1p5b_arc_challenge__frozen_lr3e-05_s101__step32,frozen,3e-05,1172,854,0.7286689419795221,0.7235494880546075,848,0.7235494880546075,11,0,6.0290102389078495,2.649993658065796,1.0,/mnt/micron/yixiaore/adapter/predictor/scaling_domains_20260930/results/eval/final_1p5b/1p5b_arc_challenge__frozen_lr3e-05_s101__step32__arc_challenge.jsonl
1p5b,arc_challenge,1p5b_arc_challenge__adaptive_lr3e-05_s101__step32,adaptive,3e-05,1172,858,0.7320819112627986,0.7286689419795221,854,0.7286689419795221,7,0,6.023037542662116,2.7990970611572266,1.0,/mnt/micron/yixiaore/adapter/predictor/scaling_domains_20260930/results/eval/final_1p5b/1p5b_arc_challenge__adaptive_lr3e-05_s101__step32__arc_challenge.jsonl
1p5b,arc_challenge,1p5b_arc_challenge__periodic8_lr1e-05_s101__step32,periodic8,1e-05,1172,855,0.7295221843003413,0.7261092150170648,851,0.7261092150170648,8,0,6.020477815699659,2.6545045375823975,1.0,/mnt/micron/yixiaore/adapter/predictor/scaling_domains_20260930/results/eval/final_1p5b/1p5b_arc_challenge__periodic8_lr1e-05_s101__step32__arc_challenge.jsonl
1p5b,arc_challenge,1p5b_arc_challenge__oracle_lr3e-05_s101__step32,oracle,3e-05,1172,861,0.734641638225256,0.7320819112627986,858,0.7320819112627986,5,0,6.013651877133106,2.597043037414551,1.0,/mnt/micron/yixiaore/adapter/predictor/scaling_domains_20260930/results/eval/final_1p5b/1p5b_arc_challenge__oracle_lr3e-05_s101__step32__arc_challenge.jsonl
1p5b,arc_challenge,1p5b_arc_challenge__oracle20_lr3e-05_s101__step32,oracle20,3e-05,1172,862,0.735494880546075,0.734641638225256,861,0.734641638225256,2,0,6.007679180887372,2.5089359283447266,1.0,/mnt/micron/yixiaore/adapter/predictor/scaling_domains_20260930/results/eval/final_1p5b/1p5b_arc_challenge__oracle20_lr3e-05_s101__step32__arc_challenge.jsonl
1p5b,arc_challenge,1p5b_arc_challenge__mean_lr3e-05_s101__step32,mean,3e-05,1172,862,0.735494880546075,0.7320819112627986,858,0.7320819112627986,8,0,6.013651877133106,2.655146598815918,1.0,/mnt/micron/yixiaore/adapter/predictor/scaling_domains_20260930/results/eval/final_1p5b/1p5b_arc_challenge__mean_lr3e-05_s101__step32__arc_challenge.jsonl
1p5b,openbookqa,1p5b_openbookqa__base,base,0,500,368,0.736,0.73,365,0.73,4,0,5.99,0.6283228397369385,0.99,/mnt/micron/yixiaore/adapter/predictor/scaling_domains_20260930/results/eval/final_1p5b/1p5b_openbookqa__base__openbookqa.jsonl
1p5b,openbookqa,1p5b_openbookqa__warmup,warmup,0,500,381,0.762,0.762,381,0.762,0,0,6.0,0.8740630149841309,1.0,/mnt/micron/yixiaore/adapter/predictor/scaling_domains_20260930/results/eval/final_1p5b/1p5b_openbookqa__warmup__openbookqa.jsonl
1p5b,openbookqa,1p5b_openbookqa__oracle_lr0.0001_s101__step32,oracle,0.0001,500,390,0.78,0.78,390,0.78,0,0,6.0,0.8821718692779541,1.0,/mnt/micron/yixiaore/adapter/predictor/scaling_domains_20260930/results/eval/final_1p5b/1p5b_openbookqa__oracle_lr0.0001_s101__step32__openbookqa.jsonl
1p5b,openbookqa,1p5b_openbookqa__oracle20_lr0.0001_s101__step32,oracle20,0.0001,500,389,0.778,0.778,389,0.778,0,0,6.0,0.8888459205627441,1.0,/mnt/micron/yixiaore/adapter/predictor/scaling_domains_20260930/results/eval/final_1p5b/1p5b_openbookqa__oracle20_lr0.0001_s101__step32__openbookqa.jsonl
1p5b,openbookqa,1p5b_openbookqa__mean_lr3e-05_s101__step32,mean,3e-05,500,384,0.768,0.768,384,0.768,0,0,6.0,0.8952617645263672,1.0,/mnt/micron/yixiaore/adapter/predictor/scaling_domains_20260930/results/eval/final_1p5b/1p5b_openbookqa__mean_lr3e-05_s101__step32__openbookqa.jsonl
1p5b,openbookqa,1p5b_openbookqa__frozen_lr0.0001_s101__step32,frozen,0.0001,500,384,0.768,0.764,382,0.764,2,0,6.01,0.9339010715484619,0.996,/mnt/micron/yixiaore/adapter/predictor/scaling_domains_20260930/results/eval/final_1p5b/1p5b_openbookqa__frozen_lr0.0001_s101__step32__openbookqa.jsonl
1p5b,openbookqa,1p5b_openbookqa__adaptive_lr0.0001_s101__step32,adaptive,0.0001,500,387,0.774,0.774,387,0.774,0,0,6.0,0.8620505332946777,1.0,/mnt/micron/yixiaore/adapter/predictor/scaling_domains_20260930/results/eval/final_1p5b/1p5b_openbookqa__adaptive_lr0.0001_s101__step32__openbookqa.jsonl
1p5b,openbookqa,1p5b_openbookqa__periodic8_lr3e-05_s101__step32,periodic8,3e-05,500,381,0.762,0.762,381,0.762,0,0,6.0,0.8439197540283203,1.0,/mnt/micron/yixiaore/adapter/predictor/scaling_domains_20260930/results/eval/final_1p5b/1p5b_openbookqa__periodic8_lr3e-05_s101__step32__openbookqa.jsonl
1p5b,openbookqa,1p5b_openbookqa__oracle_lr3e-05_s101__step32,oracle,3e-05,500,383,0.766,0.766,383,0.766,0,0,6.0,0.9004080295562744,1.0,/mnt/micron/yixiaore/adapter/predictor/scaling_domains_20260930/results/eval/final_1p5b/1p5b_openbookqa__oracle_lr3e-05_s101__step32__openbookqa.jsonl
1p5b,openbookqa,1p5b_openbookqa__oracle20_lr3e-05_s101__step32,oracle20,3e-05,500,381,0.762,0.762,381,0.762,0,0,6.0,0.8927254676818848,1.0,/mnt/micron/yixiaore/adapter/predictor/scaling_domains_20260930/results/eval/final_1p5b/1p5b_openbookqa__oracle20_lr3e-05_s101__step32__openbookqa.jsonl
1p5b,openbookqa,1p5b_openbookqa__frozen_lr3e-05_s101__step32,frozen,3e-05,500,386,0.772,0.772,386,0.772,0,0,6.0,0.8966619968414307,1.0,/mnt/micron/yixiaore/adapter/predictor/scaling_domains_20260930/results/eval/final_1p5b/1p5b_openbookqa__frozen_lr3e-05_s101__step32__openbookqa.jsonl
1p5b,boolq,1p5b_boolq__base,base,0,3270,2545,0.7782874617737003,0.0,2545,0.7782874617737003,0,0,2.0009174311926605,5.549893856048584,0.0,/mnt/micron/yixiaore/adapter/predictor/scaling_domains_20260930/results/eval/final_1p5b/1p5b_boolq__base__boolq.jsonl
1p5b,boolq,1p5b_boolq__warmup,warmup,0,3270,2583,0.789908256880734,0.7896024464831805,2582,0.7896024464831805,0,0,6.0009174311926605,9.458106994628906,1.0,/mnt/micron/yixiaore/adapter/predictor/scaling_domains_20260930/results/eval/final_1p5b/1p5b_boolq__warmup__boolq.jsonl
1p5b,boolq,1p5b_boolq__oracle_lr3e-06_s101__step32,oracle,3e-06,3270,2578,0.7883792048929663,0.7883792048929663,2578,0.7883792048929663,0,0,6.0003058103975535,9.424343347549438,1.0,/mnt/micron/yixiaore/adapter/predictor/scaling_domains_20260930/results/eval/final_1p5b/1p5b_boolq__oracle_lr3e-06_s101__step32__boolq.jsonl
1p5b,boolq,1p5b_boolq__oracle20_lr1e-05_s101__step32,oracle20,1e-05,3270,2578,0.7883792048929663,0.7883792048929663,2578,0.7883792048929663,0,0,6.0003058103975535,9.34896969795227,1.0,/mnt/micron/yixiaore/adapter/predictor/scaling_domains_20260930/results/eval/final_1p5b/1p5b_boolq__oracle20_lr1e-05_s101__step32__boolq.jsonl
1p5b,boolq,1p5b_boolq__mean_lr3e-06_s101__step32,mean,3e-06,3270,2580,0.7889908256880734,0.7889908256880734,2580,0.7889908256880734,0,0,6.0003058103975535,9.586647987365723,1.0,/mnt/micron/yixiaore/adapter/predictor/scaling_domains_20260930/results/eval/final_1p5b/1p5b_boolq__mean_lr3e-06_s101__step32__boolq.jsonl
1p5b,boolq,1p5b_boolq__frozen_lr1e-05_s101__step32,frozen,1e-05,3270,2580,0.7889908256880734,0.7889908256880734,2580,0.7889908256880734,0,0,6.0003058103975535,9.57942509651184,1.0,/mnt/micron/yixiaore/adapter/predictor/scaling_domains_20260930/results/eval/final_1p5b/1p5b_boolq__frozen_lr1e-05_s101__step32__boolq.jsonl
1p5b,boolq,1p5b_boolq__adaptive_lr1e-05_s101__step32,adaptive,1e-05,3270,2584,0.7902140672782875,0.7902140672782875,2584,0.7902140672782875,0,0,6.0003058103975535,9.737505435943604,1.0,/mnt/micron/yixiaore/adapter/predictor/scaling_domains_20260930/results/eval/final_1p5b/1p5b_boolq__adaptive_lr1e-05_s101__step32__boolq.jsonl
1p5b,boolq,1p5b_boolq__periodic8_lr3e-06_s101__step32,periodic8,3e-06,3270,2580,0.7889908256880734,0.7889908256880734,2580,0.7889908256880734,0,0,6.0003058103975535,9.348746061325073,1.0,/mnt/micron/yixiaore/adapter/predictor/scaling_domains_20260930/results/eval/final_1p5b/1p5b_boolq__periodic8_lr3e-06_s101__step32__boolq.jsonl
1p5b,boolq,1p5b_boolq__oracle_lr1e-05_s101__step32,oracle,1e-05,3270,2576,0.7877675840978593,0.7877675840978593,2576,0.7877675840978593,0,0,6.0003058103975535,9.481903314590454,1.0,/mnt/micron/yixiaore/adapter/predictor/scaling_domains_20260930/results/eval/final_1p5b/1p5b_boolq__oracle_lr1e-05_s101__step32__boolq.jsonl
1p5b,boolq,1p5b_boolq__mean_lr1e-05_s101__step32,mean,1e-05,3270,2585,0.790519877675841,0.790519877675841,2585,0.790519877675841,0,0,6.0003058103975535,9.425183296203613,1.0,/mnt/micron/yixiaore/adapter/predictor/scaling_domains_20260930/results/eval/final_1p5b/1p5b_boolq__mean_lr1e-05_s101__step32__boolq.jsonl
1p5b,aqua,1p5b_aqua__adaptive_lr1e-05_s102__step32,adaptive,1e-05,254,135,0.531496062992126,0.3779527559055118,96,0.3779527559055118,56,23,593.6614173228346,73.70236396789551,0.9094488188976378,/mnt/micron/yixiaore/adapter/predictor/scaling_domains_20260930/results/eval/final_1p5b/1p5b_aqua__adaptive_lr1e-05_s102__step32__aqua.jsonl
1p5b,aqua,1p5b_aqua__oracle_lr1e-05_s102__step32,oracle,1e-05,254,131,0.515748031496063,0.38188976377952755,97,0.38188976377952755,49,19,570.2637795275591,73.58950448036194,0.9251968503937008,/mnt/micron/yixiaore/adapter/predictor/scaling_domains_20260930/results/eval/final_1p5b/1p5b_aqua__oracle_lr1e-05_s102__step32__aqua.jsonl
1p5b,aqua,1p5b_aqua__adaptive_lr1e-05_s103__step32,adaptive,1e-05,254,135,0.531496062992126,0.3700787401574803,94,0.3700787401574803,60,18,562.1102362204724,73.65364503860474,0.9291338582677166,/mnt/micron/yixiaore/adapter/predictor/scaling_domains_20260930/results/eval/final_1p5b/1p5b_aqua__adaptive_lr1e-05_s103__step32__aqua.jsonl
1p5b,aqua,1p5b_aqua__oracle_lr1e-05_s103__step32,oracle,1e-05,254,139,0.547244094488189,0.3937007874015748,100,0.3937007874015748,53,23,584.6220472440945,73.71071267127991,0.9094488188976378,/mnt/micron/yixiaore/adapter/predictor/scaling_domains_20260930/results/eval/final_1p5b/1p5b_aqua__oracle_lr1e-05_s103__step32__aqua.jsonl
1p5b,arc_challenge,1p5b_arc_challenge__frozen_lr3e-05_s102__step32,frozen,3e-05,1172,858,0.7320819112627986,0.7286689419795221,854,0.7286689419795221,8,0,6.020477815699659,2.593806028366089,1.0,/mnt/micron/yixiaore/adapter/predictor/scaling_domains_20260930/results/eval/final_1p5b/1p5b_arc_challenge__frozen_lr3e-05_s102__step32__arc_challenge.jsonl
1p5b,arc_challenge,1p5b_arc_challenge__mean_lr1e-05_s102__step32,mean,1e-05,1172,858,0.7320819112627986,0.7286689419795221,854,0.7286689419795221,8,0,6.020477815699659,2.583890438079834,1.0,/mnt/micron/yixiaore/adapter/predictor/scaling_domains_20260930/results/eval/final_1p5b/1p5b_arc_challenge__mean_lr1e-05_s102__step32__arc_challenge.jsonl
1p5b,arc_challenge,1p5b_arc_challenge__frozen_lr3e-05_s103__step32,frozen,3e-05,1172,865,0.7380546075085325,0.7372013651877133,864,0.7372013651877133,2,0,6.011945392491468,2.6278178691864014,1.0,/mnt/micron/yixiaore/adapter/predictor/scaling_domains_20260930/results/eval/final_1p5b/1p5b_arc_challenge__frozen_lr3e-05_s103__step32__arc_challenge.jsonl
1p5b,arc_challenge,1p5b_arc_challenge__mean_lr1e-05_s103__step32,mean,1e-05,1172,856,0.7303754266211604,0.7261092150170648,851,0.7261092150170648,8,0,6.020477815699659,2.6912426948547363,1.0,/mnt/micron/yixiaore/adapter/predictor/scaling_domains_20260930/results/eval/final_1p5b/1p5b_arc_challenge__mean_lr1e-05_s103__step32__arc_challenge.jsonl
1p5b,countdown,1p5b_countdown__periodic8_lr3e-05_s102__step32,periodic8,3e-05,2048,234,0.1142578125,0.1142578125,234,0.1142578125,0,1435,1559.2587890625,533.000415802002,0.30078125,/mnt/micron/yixiaore/adapter/predictor/scaling_domains_20260930/results/eval/final_1p5b/1p5b_countdown__periodic8_lr3e-05_s102__step32__countdown.jsonl
1p5b,countdown,1p5b_countdown__oracle20_lr1e-05_s102__step32,oracle20,1e-05,2048,208,0.1015625,0.1015625,208,0.1015625,0,1479,1594.0224609375,551.2658276557922,0.28076171875,/mnt/micron/yixiaore/adapter/predictor/scaling_domains_20260930/results/eval/final_1p5b/1p5b_countdown__oracle20_lr1e-05_s102__step32__countdown.jsonl
1p5b,countdown,1p5b_countdown__periodic8_lr3e-05_s103__step32,periodic8,3e-05,2048,212,0.103515625,0.103515625,212,0.103515625,0,1444,1566.94580078125,540.0817487239838,0.296875,/mnt/micron/yixiaore/adapter/predictor/scaling_domains_20260930/results/eval/final_1p5b/1p5b_countdown__periodic8_lr3e-05_s103__step32__countdown.jsonl
1p5b,countdown,1p5b_countdown__oracle20_lr1e-05_s103__step32,oracle20,1e-05,2048,221,0.10791015625,0.10791015625,221,0.10791015625,0,1461,1579.505859375,551.4195711612701,0.2900390625,/mnt/micron/yixiaore/adapter/predictor/scaling_domains_20260930/results/eval/final_1p5b/1p5b_countdown__oracle20_lr1e-05_s103__step32__countdown.jsonl
1p5b,aqua,1p5b_aqua_mean_control__train_mean_matrix_lr3e-05_s101__step32,train_mean_matrix,3e-05,254,131,0.515748031496063,0.38188976377952755,97,0.38188976377952755,50,22,580.2401574803149,75.17107224464417,0.9133858267716536,/mnt/micron/yixiaore/adapter/predictor/scaling_domains_20260930/results/eval/final_1p5b/1p5b_aqua_mean_control__train_mean_matrix_lr3e-05_s101__step32__aqua.jsonl
1p5b,arc_challenge,1p5b_arc_challenge_mean_control__train_mean_matrix_lr3e-06_s101__step32,train_mean_matrix,3e-06,1172,859,0.7329351535836177,0.7303754266211604,856,0.7303754266211604,7,0,6.017064846416382,2.74712872505188,1.0,/mnt/micron/yixiaore/adapter/predictor/scaling_domains_20260930/results/eval/final_1p5b/1p5b_arc_challenge_mean_control__train_mean_matrix_lr3e-06_s101__step32__arc_challenge.jsonl
1p5b,arc_easy,1p5b_arc_easy_mean_control__train_mean_matrix_lr1e-05_s101__step32,train_mean_matrix,1e-05,2376,2098,0.882996632996633,0.8821548821548821,2096,0.8821548821548821,1,0,6.162037037037037,11.818938732147217,0.9991582491582491,/mnt/micron/yixiaore/adapter/predictor/scaling_domains_20260930/results/eval/final_1p5b/1p5b_arc_easy_mean_control__train_mean_matrix_lr1e-05_s101__step32__arc_easy.jsonl
1p5b,boolq,1p5b_boolq_mean_control__train_mean_matrix_lr3e-06_s101__step32,train_mean_matrix,3e-06,3270,2577,0.7880733944954128,0.7880733944954128,2577,0.7880733944954128,0,0,6.0003058103975535,9.927078247070312,1.0,/mnt/micron/yixiaore/adapter/predictor/scaling_domains_20260930/results/eval/final_1p5b/1p5b_boolq_mean_control__train_mean_matrix_lr3e-06_s101__step32__boolq.jsonl
1p5b,countdown,1p5b_countdown_mean_control__train_mean_matrix_lr0.0001_s101__step32,train_mean_matrix,0.0001,2048,245,0.11962890625,0.11962890625,245,0.11962890625,0,1415,1544.1044921875,548.5096669197083,0.31201171875,/mnt/micron/yixiaore/adapter/predictor/scaling_domains_20260930/results/eval/final_1p5b/1p5b_countdown_mean_control__train_mean_matrix_lr0.0001_s101__step32__countdown.jsonl
1p5b,gsm8k,1p5b_gsm8k_mean_control__train_mean_matrix_lr1e-05_s101__step32,train_mean_matrix,1e-05,1319,974,0.7384382107657316,0.7119029567854435,974,0.7384382107657316,0,5,298.08188021228204,197.5237534046173,0.9628506444275967,/mnt/micron/yixiaore/adapter/predictor/scaling_domains_20260930/results/eval/final_1p5b/1p5b_gsm8k_mean_control__train_mean_matrix_lr1e-05_s101__step32__gsm8k.jsonl
1p5b,math,1p5b_math_mean_control__train_mean_matrix_lr3e-05_s101__step32,train_mean_matrix,3e-05,500,282,0.564,0.55,282,0.564,0,26,566.982,102.30929589271545,0.928,/mnt/micron/yixiaore/adapter/predictor/scaling_domains_20260930/results/eval/final_1p5b/1p5b_math_mean_control__train_mean_matrix_lr3e-05_s101__step32__math.jsonl
1p5b,openbookqa,1p5b_openbookqa_mean_control__train_mean_matrix_lr1e-05_s101__step32,train_mean_matrix,1e-05,500,383,0.766,0.766,383,0.766,0,0,6.0,1.0679361820220947,1.0,/mnt/micron/yixiaore/adapter/predictor/scaling_domains_20260930/results/eval/final_1p5b/1p5b_openbookqa_mean_control__train_mean_matrix_lr1e-05_s101__step32__openbookqa.jsonl
1p5b,svamp,1p5b_svamp_mean_control__train_mean_matrix_lr1e-05_s101__step32,train_mean_matrix,1e-05,300,254,0.8466666666666667,0.78,254,0.8466666666666667,0,1,197.62333333333333,73.85337734222412,0.8966666666666666,/mnt/micron/yixiaore/adapter/predictor/scaling_domains_20260930/results/eval/final_1p5b/1p5b_svamp_mean_control__train_mean_matrix_lr1e-05_s101__step32__svamp.jsonl
7b,countdown,7b_countdown__base,base,0,2048,766,0.3740234375,0.3740234375,766,0.3740234375,0,445,825.73486328125,248.16490364074707,0.78271484375,/mnt/micron/yixiaore/adapter/predictor/scaling_domains_20260930/results/eval/final_7b/7b_countdown__base__countdown.jsonl
7b,countdown,7b_countdown__warmup,warmup,0,2048,762,0.3720703125,0.3720703125,762,0.3720703125,0,462,839.8642578125,388.31272888183594,0.7744140625,/mnt/micron/yixiaore/adapter/predictor/scaling_domains_20260930/results/eval/final_7b/7b_countdown__warmup__countdown.jsonl
7b,countdown,7b_countdown__oracle_lr3e-06_s101__step32,oracle,3e-06,2048,758,0.3701171875,0.3701171875,758,0.3701171875,0,467,850.94384765625,404.3973903656006,0.77294921875,/mnt/micron/yixiaore/adapter/predictor/scaling_domains_20260930/results/eval/final_7b/7b_countdown__oracle_lr3e-06_s101__step32__countdown.jsonl
7b,countdown,7b_countdown__oracle20_lr1e-05_s101__step32,oracle20,1e-05,2048,744,0.36328125,0.36328125,744,0.36328125,0,472,856.83837890625,420.68628883361816,0.77001953125,/mnt/micron/yixiaore/adapter/predictor/scaling_domains_20260930/results/eval/final_7b/7b_countdown__oracle20_lr1e-05_s101__step32__countdown.jsonl
7b,countdown,7b_countdown__mean_lr3e-06_s101__step32,mean,3e-06,2048,782,0.3818359375,0.3818359375,782,0.3818359375,0,465,834.046875,409.884592294693,0.77294921875,/mnt/micron/yixiaore/adapter/predictor/scaling_domains_20260930/results/eval/final_7b/7b_countdown__mean_lr3e-06_s101__step32__countdown.jsonl
7b,countdown,7b_countdown__frozen_lr3e-06_s101__step32,frozen,3e-06,2048,763,0.37255859375,0.37255859375,763,0.37255859375,0,444,825.580078125,384.2178330421448,0.7841796875,/mnt/micron/yixiaore/adapter/predictor/scaling_domains_20260930/results/eval/final_7b/7b_countdown__frozen_lr3e-06_s101__step32__countdown.jsonl
7b,countdown,7b_countdown__adaptive_lr3e-06_s101__step32,adaptive,3e-06,2048,756,0.369140625,0.369140625,756,0.369140625,0,466,844.25244140625,393.67586040496826,0.7724609375,/mnt/micron/yixiaore/adapter/predictor/scaling_domains_20260930/results/eval/final_7b/7b_countdown__adaptive_lr3e-06_s101__step32__countdown.jsonl
7b,countdown,7b_countdown__periodic8_lr3e-06_s101__step32,periodic8,3e-06,2048,755,0.36865234375,0.36865234375,755,0.36865234375,0,460,838.6435546875,387.64138674736023,0.7763671875,/mnt/micron/yixiaore/adapter/predictor/scaling_domains_20260930/results/eval/final_7b/7b_countdown__periodic8_lr3e-06_s101__step32__countdown.jsonl
7b,countdown,7b_countdown__oracle20_lr3e-06_s101__step32,oracle20,3e-06,2048,761,0.37158203125,0.37158203125,761,0.37158203125,0,475,844.8271484375,389.8462164402008,0.77001953125,/mnt/micron/yixiaore/adapter/predictor/scaling_domains_20260930/results/eval/final_7b/7b_countdown__oracle20_lr3e-06_s101__step32__countdown.jsonl
7b,gsm8k,7b_gsm8k__base,base,0,1319,1209,0.9166034874905231,0.9166034874905231,1209,0.9166034874905231,0,1,300.28051554207735,73.15659379959106,0.9992418498862775,/mnt/micron/yixiaore/adapter/predictor/scaling_domains_20260930/results/eval/final_7b/7b_gsm8k__base__gsm8k.jsonl
7b,gsm8k,7b_gsm8k__warmup,warmup,0,1319,1207,0.9150871872630781,0.9150871872630781,1207,0.9150871872630781,0,0,298.7778620166793,94.778573513031,1.0,/mnt/micron/yixiaore/adapter/predictor/scaling_domains_20260930/results/eval/final_7b/7b_gsm8k__warmup__gsm8k.jsonl
7b,gsm8k,7b_gsm8k__oracle_lr1e-05_s101__step32,oracle,1e-05,1319,1206,0.9143290371493555,0.9143290371493555,1206,0.9143290371493555,0,1,292.4852160727824,141.3109405040741,0.9992418498862775,/mnt/micron/yixiaore/adapter/predictor/scaling_domains_20260930/results/eval/final_7b/7b_gsm8k__oracle_lr1e-05_s101__step32__gsm8k.jsonl
7b,gsm8k,7b_gsm8k__oracle20_lr1e-05_s101__step32,oracle20,1e-05,1319,1214,0.9203942380591357,0.9203942380591357,1214,0.9203942380591357,0,1,291.46626231993935,142.0835771560669,0.9992418498862775,/mnt/micron/yixiaore/adapter/predictor/scaling_domains_20260930/results/eval/final_7b/7b_gsm8k__oracle20_lr1e-05_s101__step32__gsm8k.jsonl
7b,gsm8k,7b_gsm8k__mean_lr1e-05_s101__step32,mean,1e-05,1319,1214,0.9203942380591357,0.9203942380591357,1214,0.9203942380591357,0,0,291.4177407126611,105.66228461265564,1.0,/mnt/micron/yixiaore/adapter/predictor/scaling_domains_20260930/results/eval/final_7b/7b_gsm8k__mean_lr1e-05_s101__step32__gsm8k.jsonl
7b,gsm8k,7b_gsm8k__frozen_lr1e-05_s101__step32,frozen,1e-05,1319,1213,0.9196360879454132,0.9196360879454132,1213,0.9196360879454132,0,0,289.11599696739955,95.5279848575592,1.0,/mnt/micron/yixiaore/adapter/predictor/scaling_domains_20260930/results/eval/final_7b/7b_gsm8k__frozen_lr1e-05_s101__step32__gsm8k.jsonl
7b,gsm8k,7b_gsm8k__adaptive_lr1e-05_s101__step32,adaptive,1e-05,1319,1214,0.9203942380591357,0.9203942380591357,1214,0.9203942380591357,0,1,292.5959059893859,145.1154124736786,0.9992418498862775,/mnt/micron/yixiaore/adapter/predictor/scaling_domains_20260930/results/eval/final_7b/7b_gsm8k__adaptive_lr1e-05_s101__step32__gsm8k.jsonl
7b,gsm8k,7b_gsm8k__periodic8_lr3e-06_s101__step32,periodic8,3e-06,1319,1207,0.9150871872630781,0.9150871872630781,1207,0.9150871872630781,0,0,297.3161485974223,105.70099997520447,1.0,/mnt/micron/yixiaore/adapter/predictor/scaling_domains_20260930/results/eval/final_7b/7b_gsm8k__periodic8_lr3e-06_s101__step32__gsm8k.jsonl
7b,aqua,7b_aqua__base,base,0,254,196,0.7716535433070866,0.6496062992125984,165,0.6496062992125984,46,4,486.20866141732284,51.07590937614441,0.984251968503937,/mnt/micron/yixiaore/adapter/predictor/scaling_domains_20260930/results/eval/final_7b/7b_aqua__base__aqua.jsonl
7b,aqua,7b_aqua__warmup,warmup,0,254,196,0.7716535433070866,0.6535433070866141,166,0.6535433070866141,41,6,489.54330708661416,77.55490803718567,0.9763779527559056,/mnt/micron/yixiaore/adapter/predictor/scaling_domains_20260930/results/eval/final_7b/7b_aqua__warmup__aqua.jsonl
7b,aqua,7b_aqua__oracle_lr3e-06_s101__step32,oracle,3e-06,254,195,0.7677165354330708,0.6338582677165354,161,0.6338582677165354,42,4,469.5866141732283,77.34775996208191,0.984251968503937,/mnt/micron/yixiaore/adapter/predictor/scaling_domains_20260930/results/eval/final_7b/7b_aqua__oracle_lr3e-06_s101__step32__aqua.jsonl
7b,aqua,7b_aqua__oracle20_lr0.0001_s101__step32,oracle20,0.0001,254,197,0.7755905511811023,0.6968503937007874,177,0.6968503937007874,26,2,481.8976377952756,77.20185899734497,0.9921259842519685,/mnt/micron/yixiaore/adapter/predictor/scaling_domains_20260930/results/eval/final_7b/7b_aqua__oracle20_lr0.0001_s101__step32__aqua.jsonl
7b,aqua,7b_aqua__mean_lr3e-06_s101__step32,mean,3e-06,254,207,0.8149606299212598,0.6850393700787402,174,0.6850393700787402,44,3,469.98425196850394,76.79360556602478,0.9881889763779528,/mnt/micron/yixiaore/adapter/predictor/scaling_domains_20260930/results/eval/final_7b/7b_aqua__mean_lr3e-06_s101__step32__aqua.jsonl
7b,aqua,7b_aqua__frozen_lr0.0001_s101__step32,frozen,0.0001,254,207,0.8149606299212598,0.6732283464566929,171,0.6732283464566929,42,2,452.61811023622045,76.978511095047,0.9921259842519685,/mnt/micron/yixiaore/adapter/predictor/scaling_domains_20260930/results/eval/final_7b/7b_aqua__frozen_lr0.0001_s101__step32__aqua.jsonl
7b,aqua,7b_aqua__adaptive_lr0.0001_s101__step32,adaptive,0.0001,254,203,0.7992125984251969,0.7283464566929134,185,0.7283464566929134,22,2,472.1968503937008,79.13591003417969,0.9921259842519685,/mnt/micron/yixiaore/adapter/predictor/scaling_domains_20260930/results/eval/final_7b/7b_aqua__adaptive_lr0.0001_s101__step32__aqua.jsonl
7b,aqua,7b_aqua__periodic8_lr3e-06_s101__step32,periodic8,3e-06,254,199,0.7834645669291339,0.6614173228346457,168,0.6614173228346457,42,2,463.45669291338584,77.94649910926819,0.9921259842519685,/mnt/micron/yixiaore/adapter/predictor/scaling_domains_20260930/results/eval/final_7b/7b_aqua__periodic8_lr3e-06_s101__step32__aqua.jsonl
7b,aqua,7b_aqua__oracle20_lr3e-06_s101__step32,oracle20,3e-06,254,197,0.7755905511811023,0.6496062992125984,165,0.6496062992125984,43,3,467.6377952755906,77.9421112537384,0.9881889763779528,/mnt/micron/yixiaore/adapter/predictor/scaling_domains_20260930/results/eval/final_7b/7b_aqua__oracle20_lr3e-06_s101__step32__aqua.jsonl
7b,aqua,7b_aqua__frozen_lr3e-06_s101__step32,frozen,3e-06,254,196,0.7716535433070866,0.6496062992125984,165,0.6496062992125984,45,3,464.3307086614173,76.61772036552429,0.9881889763779528,/mnt/micron/yixiaore/adapter/predictor/scaling_domains_20260930/results/eval/final_7b/7b_aqua__frozen_lr3e-06_s101__step32__aqua.jsonl
7b,arc_challenge,7b_arc_challenge__base,base,0,1172,1058,0.9027303754266212,0.9027303754266212,1058,0.9027303754266212,0,0,5.996587030716723,4.384510040283203,1.0,/mnt/micron/yixiaore/adapter/predictor/scaling_domains_20260930/results/eval/final_7b/7b_arc_challenge__base__arc_challenge.jsonl
7b,arc_challenge,7b_arc_challenge__warmup,warmup,0,1172,1054,0.8993174061433447,0.8993174061433447,1054,0.8993174061433447,0,0,6.0,5.457974910736084,1.0,/mnt/micron/yixiaore/adapter/predictor/scaling_domains_20260930/results/eval/final_7b/7b_arc_challenge__warmup__arc_challenge.jsonl
7b,arc_challenge,7b_arc_challenge__oracle_lr3e-05_s101__step32,oracle,3e-05,1172,1053,0.8984641638225256,0.8984641638225256,1053,0.8984641638225256,0,0,6.0,5.3317036628723145,1.0,/mnt/micron/yixiaore/adapter/predictor/scaling_domains_20260930/results/eval/final_7b/7b_arc_challenge__oracle_lr3e-05_s101__step32__arc_challenge.jsonl
7b,arc_challenge,7b_arc_challenge__oracle20_lr3e-05_s101__step32,oracle20,3e-05,1172,1054,0.8993174061433447,0.8993174061433447,1054,0.8993174061433447,0,0,6.0,5.378860235214233,1.0,/mnt/micron/yixiaore/adapter/predictor/scaling_domains_20260930/results/eval/final_7b/7b_arc_challenge__oracle20_lr3e-05_s101__step32__arc_challenge.jsonl
7b,arc_challenge,7b_arc_challenge__mean_lr0.0001_s101__step32,mean,0.0001,1172,1053,0.8984641638225256,0.8984641638225256,1053,0.8984641638225256,0,0,6.0,5.3922858238220215,1.0,/mnt/micron/yixiaore/adapter/predictor/scaling_domains_20260930/results/eval/final_7b/7b_arc_challenge__mean_lr0.0001_s101__step32__arc_challenge.jsonl
7b,arc_challenge,7b_arc_challenge__frozen_lr3e-06_s101__step32,frozen,3e-06,1172,1053,0.8984641638225256,0.8984641638225256,1053,0.8984641638225256,0,0,6.0,5.519223213195801,1.0,/mnt/micron/yixiaore/adapter/predictor/scaling_domains_20260930/results/eval/final_7b/7b_arc_challenge__frozen_lr3e-06_s101__step32__arc_challenge.jsonl
7b,arc_challenge,7b_arc_challenge__adaptive_lr3e-06_s101__step32,adaptive,3e-06,1172,1055,0.9001706484641638,0.9001706484641638,1055,0.9001706484641638,0,0,6.0,5.409813165664673,1.0,/mnt/micron/yixiaore/adapter/predictor/scaling_domains_20260930/results/eval/final_7b/7b_arc_challenge__adaptive_lr3e-06_s101__step32__arc_challenge.jsonl
7b,arc_challenge,7b_arc_challenge__periodic8_lr3e-06_s101__step32,periodic8,3e-06,1172,1053,0.8984641638225256,0.8984641638225256,1053,0.8984641638225256,0,0,6.0,5.440803289413452,1.0,/mnt/micron/yixiaore/adapter/predictor/scaling_domains_20260930/results/eval/final_7b/7b_arc_challenge__periodic8_lr3e-06_s101__step32__arc_challenge.jsonl
7b,arc_challenge,7b_arc_challenge__oracle_lr3e-06_s101__step32,oracle,3e-06,1172,1056,0.9010238907849829,0.9010238907849829,1056,0.9010238907849829,0,0,6.0,5.343520402908325,1.0,/mnt/micron/yixiaore/adapter/predictor/scaling_domains_20260930/results/eval/final_7b/7b_arc_challenge__oracle_lr3e-06_s101__step32__arc_challenge.jsonl
7b,arc_challenge,7b_arc_challenge__oracle20_lr3e-06_s101__step32,oracle20,3e-06,1172,1055,0.9001706484641638,0.9001706484641638,1055,0.9001706484641638,0,0,6.0,5.481500625610352,1.0,/mnt/micron/yixiaore/adapter/predictor/scaling_domains_20260930/results/eval/final_7b/7b_arc_challenge__oracle20_lr3e-06_s101__step32__arc_challenge.jsonl
7b,arc_challenge,7b_arc_challenge__mean_lr3e-06_s101__step32,mean,3e-06,1172,1055,0.9001706484641638,0.9001706484641638,1055,0.9001706484641638,0,0,6.0,5.510945558547974,1.0,/mnt/micron/yixiaore/adapter/predictor/scaling_domains_20260930/results/eval/final_7b/7b_arc_challenge__mean_lr3e-06_s101__step32__arc_challenge.jsonl
7b,aqua,7b_aqua_mean_control__train_mean_matrix_lr0.0001_s101__step32,train_mean_matrix,0.0001,254,205,0.8070866141732284,0.7007874015748031,178,0.7007874015748031,32,5,469.8937007874016,77.51065587997437,0.9803149606299213,/mnt/micron/yixiaore/adapter/predictor/scaling_domains_20260930/results/eval/final_7b/7b_aqua_mean_control__train_mean_matrix_lr0.0001_s101__step32__aqua.jsonl
7b,arc_challenge,7b_arc_challenge_mean_control__train_mean_matrix_lr1e-05_s101__step32,train_mean_matrix,1e-05,1172,1053,0.8984641638225256,0.8984641638225256,1053,0.8984641638225256,0,0,6.0,5.3635876178741455,1.0,/mnt/micron/yixiaore/adapter/predictor/scaling_domains_20260930/results/eval/final_7b/7b_arc_challenge_mean_control__train_mean_matrix_lr1e-05_s101__step32__arc_challenge.jsonl
7b,countdown,7b_countdown_mean_control__train_mean_matrix_lr3e-06_s101__step32,train_mean_matrix,3e-06,2048,749,0.36572265625,0.36572265625,749,0.36572265625,0,458,839.05712890625,389.7991740703583,0.7763671875,/mnt/micron/yixiaore/adapter/predictor/scaling_domains_20260930/results/eval/final_7b/7b_countdown_mean_control__train_mean_matrix_lr3e-06_s101__step32__countdown.jsonl
7b,gsm8k,7b_gsm8k_mean_control__train_mean_matrix_lr3e-06_s101__step32,train_mean_matrix,3e-06,1319,1213,0.9196360879454132,0.9196360879454132,1213,0.9196360879454132,0,0,295.75966641394996,95.92591071128845,1.0,/mnt/micron/yixiaore/adapter/predictor/scaling_domains_20260930/results/eval/final_7b/7b_gsm8k_mean_control__train_mean_matrix_lr3e-06_s101__step32__gsm8k.jsonl
