condition,predictor,epochs,history_sha256,summary_sha256,actual_selected_epoch,actual_selected_individual_error,actual_selected_batch_relative_l2,actual_selected_batch_cosine,actual_selected_batch_norm_ratio,minimum_logged_batch_error_epoch,minimum_logged_batch_error_individual_error,minimum_logged_batch_error_batch_relative_l2,minimum_logged_batch_error_batch_cosine,minimum_logged_batch_error_batch_norm_ratio
1p5b_aqua,predictor,100,4cff22aa4a21e75f9febe10d4f9ec9213bcd3789f60d0f2e3ede476e2864c9a8,465017004a5b9b37020022d155300a6dbcbd3362574a5ab9cd349327f1353d68,87,0.481202907707484,0.2401864379644394,0.9708371162414551,0.9561986923217773,93,0.4877861374334316,0.22434788942337036,0.9745112061500549,0.9765540361404419
1p5b_aqua,predictor_s124,100,8eed3d49152948f4eedd39740ba3b17f9e24c214bf4f3e2751e829c04e3f830a,7207f3684c8aecdc716eaa1cdb1d4936d0858726d6b66887729cb00f662b61c1,94,0.48600964037905214,0.26515719294548035,0.9658450484275818,0.9095867872238159,88,0.49688935886661056,0.22917421162128448,0.97347092628479,0.9863760471343994
1p5b_aqua,predictor_s125,100,764c2598560a034ec5c7d916ce50372716567f3fc309c4701e0a867ec91b60e7,c1e094909883fdeaa8628cee16882b07494f420035d9b0846b755fe8922fae0e,89,0.5106441202078713,0.27980536222457886,0.9606984853744507,0.925589382648468,95,0.5186800683441106,0.22547109425067902,0.9742788076400757,0.9667631387710571
1p5b_aqua_sensitivity_w0,predictor,100,0e85e1ed405d062ea1dba5e82f219fa2532003dba76ed70e7dd095e3536c9bdd,05b2ae032aa74323875ec9bbf8dc91ca05caa8af43cf02b509586dc781162b9c,61,0.38370558083988726,0.3333585858345032,0.9431096911430359,0.967274010181427,82,0.3880191845819354,0.305235892534256,0.9535168409347534,1.0021300315856934
1p5b_aqua_sensitivity_w0.0005,predictor,100,7e362aa74eca50148dcb512ee893bcb5e2260474c969fa629b5c661ceb06fcee,8fabd6406b1c3989618c39b37352f0b8cdb3a0d203f67894b05638db265f2505,40,1.0040737988892943,0.9410772323608398,0.3866434395313263,0.5740458965301514,69,1.1216753455810249,0.7665730714797974,0.6677130460739136,0.8506752252578735
1p5b_aqua_sensitivity_w3e-06,predictor,100,2ea49b529699c85c3d6bd4f47ccaba76705e51d4c65321bc0c0caf23fba6c6a0,1a7c0302cbcf367df587aa0cf2d2114b579e1e5572e585385888134d4333e57c,48,0.49463794619077817,0.3083091378211975,0.9534338712692261,0.8894751667976379,100,0.4965051782783121,0.27677640318870544,0.9611915349960327,0.9389577507972717
1p5b_aqua_sensitivity_w5e-05,predictor,100,aadfbc92016c1f906414edea35f9e9a5584c52ce01b1e6c2fcb8f58d684951f1,92ee96b869747e32b163a86619ff56b70741f0c281d559d81a56a6a212e0a461,56,0.4731621999890194,0.22902171313762665,0.9764215350151062,0.8999371528625488,100,0.48575685368996346,0.20657683908939362,0.9784591197967529,0.9709665775299072
1p5b_arc_challenge,predictor,100,7e773df405dbce43423231ecbe92b133beb4e456f181fe335dba5b20a8ca49de,a32c0eb6929960de3420e7d4edbf99cdff17d3fe79abb028052f6e351a3d72a3,94,72.77706301165745,1.005702018737793,0.05580570548772812,0.1764330267906189,94,72.77706301165745,1.005702018737793,0.05580570548772812,0.1764330267906189
1p5b_arc_challenge,predictor_s124,100,f4742102880e8a6825c1f94287e731939f2f73340f4c14ed901876e393482b83,3f2fe75e9dcb01510cfe3a5405697072f8a008764a80a06cebf666c9104adf8d,80,39.47509361524135,1.0421167612075806,-0.03670996427536011,0.2588489055633545,60,96.37753447098657,1.0252209901809692,-0.029730621725320816,0.19822141528129578
1p5b_arc_challenge,predictor_s125,100,b6abcb06dca2e90f7daf09212ddf10230f6fd12f52aa0bca5249af2f59a3b1f4,e174654d9759a518aa0cace6739865e64127bc787496da4f901e2926976799b3,98,337.206517866347,1.0587130784988403,-0.10483449697494507,0.258295476436615,100,349.0139543451369,1.0530954599380493,-0.08414606004953384,0.25657451152801514
1p5b_arc_easy,predictor,100,96bd589f38d58d23017403d8b0fbfe72b0af0509807791bc40191d3bb3469263,b563989a3de97e9d46ccbf116da39da83d943541255a1fd0932190de76d326be,98,3.1331654416862875,0.9809650182723999,0.274799108505249,0.08035890012979507,37,25.251815570052713,0.9665558934211731,0.2952076196670532,0.1489962339401245
1p5b_boolq,predictor,100,59b2a603f55818666522922289ff35f21fd3ffd0e62033db576e72fe9e5e76ff,4fb3b1e0ce7acfb16745f1a93fdbec29b20663aeabd1f6821f867973d42fa768,45,0.7787240092875436,0.5642141103744507,0.8759772181510925,0.5832765698432922,92,2.1741441423801007,0.32896319031715393,0.944456934928894,0.9297713041305542
1p5b_countdown,predictor,100,ab3ccb49d5dc2438da8ccb7a98a8e62068c2d4282b8177e86c75368ea7c9965c,6e349fcb39c012359fcb5e35ccfab0f38771b52637c33adfbf8adb5d32351e80,98,0.09190899365466976,0.09914391487836838,0.9951730370521545,1.009286880493164,90,0.09349854182255513,0.09854543209075928,0.9951978921890259,1.0066131353378296
1p5b_countdown,predictor_s124,100,3db416afe9d2489982b17a19b167e07e2a7681dcd5bbd4163e13942c5a639ee0,b8710ccf10e25256f0e46eb989d82904a13e66895812423889b2e4d4ca83d9ab,100,0.0918769880452146,0.1019083559513092,0.9949169754981995,1.010578989982605,98,0.09222333448451536,0.0997951328754425,0.9951882362365723,1.014128565788269
1p5b_countdown,predictor_s125,100,f2991caf06539e7b8c36972c35a188c580bfdec1f36d4460ce1327a20a06ebf9,df45f722a5f51dac1fc5968eed68857e9ff1a4d5158af466bd6183125bcb3afb,100,0.09126663412325797,0.10240210592746735,0.9947724342346191,1.002410888671875,79,0.09470662067633384,0.10216723382472992,0.9947843551635742,1.0006316900253296
1p5b_countdown_sensitivity_w0,predictor,100,aed2451ba2c33fd4d145d63d1876b51fe9521b94ca8442baa6618925fb4f5257,3fb7994e3fbeb931d2817e90f27c6ac36d4edf8571d69d15175db75181a9bb9b,99,0.08807811747828964,0.09723882377147675,0.9952611327171326,0.995568573474884,91,0.08888579595077317,0.09694713354110718,0.9952905178070068,0.9967122077941895
1p5b_countdown_sensitivity_w0.0005,predictor,100,0a67401845024f16a8f83c72973c37284c6471289f529ebaffcbcf44db8e5ef1,8fe39144c0583962f04e08002e900f9c77a7ed50c7c294c036983894fc4edc82,98,0.41316879290388897,0.2746020555496216,0.9626079797744751,1.007557988166809,92,0.41488250909605995,0.2149345725774765,0.9766925573348999,0.9654989242553711
1p5b_countdown_sensitivity_w5e-05,predictor,100,b78935d7dd9b03fad44c2a5538e7b40d85c299509b6bf43ae492f78c2fa48873,020a26a63051152dac01fd2ed1245b2149b345d16ab744ab3e9e2fc0eb569f88,100,0.07949052408821444,0.08323275297880173,0.9965425729751587,0.9915508031845093,98,0.08032259786341456,0.0828692615032196,0.9966180324554443,1.0073355436325073
1p5b_gsm8k,predictor,100,4facdecfc671098464888d72aa0dd6dcbd408d27b1b731a7f29a915cddd215a4,59ad7a6a1c9f75dbdb4bed9a98ed5e3b9ffafb09aa5556b19cd3405d94b15650,17,0.492797063299804,0.3034520745277405,0.9529795050621033,0.9370682239532471,90,0.5303357986849733,0.23420891165733337,0.9722388982772827,0.9823532700538635
1p5b_gsm8k_sensitivity_w0,predictor,100,87d32bbf156453b13dde48fa035a7dcb52a35ccec3b7a865289a10d0aed09f1a,c9093a2b5f020d1655a7e5149a05e801d75feb1cda7222241668a2b82c486daa,30,0.4052364972885698,0.3454831838607788,0.9384397268295288,0.9331780076026917,81,0.4194947346113622,0.2818908095359802,0.9608690738677979,1.013135552406311
1p5b_gsm8k_sensitivity_w0.0005,predictor,100,8e1ef01fa4bea477e94f9780941cbfab0f589cb55e3a3f0d998830a88927af6d,4fb2dc28605ba41e8d1b71b4eace9c8f46c009d7ab67e515fa562c627b7897de,54,0.9697574991732836,0.9548012018203735,0.43060097098350525,0.7421499490737915,72,1.02149034535978,0.850085973739624,0.545457124710083,0.6874773502349854
1p5b_gsm8k_sensitivity_w3e-06,predictor,100,1b2d1940d7e509336fea70c8d592ac4fdee8a2654b67d33bc42143b02b48cca6,8fe81f303e741de697ebdcce4b7c5abd7b120f42ce4fc2954824880760b11b40,29,0.4969913784734672,0.3287515342235565,0.9451116919517517,0.9088648557662964,69,0.5208755511666823,0.2526106536388397,0.9681627154350281,1.002091646194458
1p5b_gsm8k_sensitivity_w5e-05,predictor,100,d3299c4d96c2e400bd3cfa379652a5ad00ac5c83f9976a76387876bab749bbc1,b0b71d05cc6ce4375de3e1b1d75cb67ddfe1c74049124034377c6091c530ba23,14,0.5198108228214551,0.3167479932308197,0.949706494808197,0.9020440578460693,81,0.5532221272806055,0.2282136082649231,0.9756407141685486,1.0385390520095825
1p5b_math,predictor,100,bc1b5f8a8b320be656f0d1e915a029c7fb80e6745f0db2ae20c2cebacfbcd301,0b50faf6b063432ed52eb86cbf67ae389147f75da576b0d916ab9c591e3553ef,32,0.5052957477819291,0.3412853181362152,0.941186249256134,0.8931537866592407,83,0.526465170452866,0.2815764248371124,0.9596043825149536,0.9483940601348877
1p5b_openbookqa,predictor,100,816cb370548173ec7a75384ee76c49c6dcb0234d2404c7e1c79bb8c6cca6de1e,6b34a1c4b84fd9e859ba6d19c6a2cfa2a46f9e1744a2d5c73e024d868ffe97bb,79,1.011909912689589,0.9830074906349182,0.18589282035827637,0.15657003223896027,100,1.2373003165703267,0.9668421149253845,0.25619471073150635,0.23571713268756866
1p5b_svamp,predictor,100,4109acad8fdb8f0d79b66661711400eb254a4d75d49a0947a730df591254e7e8,06466721a2f12ef6e99477280cc491d85f4bffc7b35b9f3b8f16619528dc358a,34,0.37358819553628564,0.29597151279449463,0.9555971622467041,0.9279391169548035,84,0.39723467553267255,0.22097192704677582,0.976368248462677,1.0224496126174927
7b_aqua,predictor,100,07bf1dda66482f952258965a4644ad52939852b326bf675f9cd0aba8110cbd7d,57ac411ef70b0e06ed2fe201c4b39a4fba97f08705fea8200dc026d52db6dd2b,5,0.433918094393448,0.42184966802597046,0.9653407335281372,0.6339197754859924,82,0.6527912204628592,0.08322229981422424,0.9966928958892822,1.014656662940979
7b_arc_challenge,predictor,100,4b7d216e336becf977bbd07594092f94ea5543a2804ad3880a0f60ea412c5ed6,eace1fba7aaea42d393a12579606372f37a471f4c2a8236146c3da44b8b5c423,100,4704580008.935383,1.1285827159881592,-0.02922072634100914,0.4947569668292999,99,5008360484.746546,1.1199711561203003,-0.03059522435069084,0.47464871406555176
7b_countdown,predictor,100,0203435ee8a410c3a6a9bd1ecd927449b1f7254fe3ee8fc050f0cd2684bcfda8,7ac2269d6260ad95c6f46d63b1bf0e60e96a59df156e8b9c0db448a82e901cf0,99,0.06802896453768881,0.07943333685398102,0.9968678951263428,1.004299283027649,90,0.06816443645277559,0.07517611235380173,0.9971709251403809,0.9983094334602356
7b_gsm8k,predictor,100,883e9f0355f8f7593511f9121263edfc2b67bada9f846d3ffaaa7964dc198642,3600aecbf3cecdea9168d5e523ad38420f4d1f7017a6e142535ff4b08e7583fd,20,0.4359111268859124,0.22706273198127747,0.9831558465957642,0.8484236598014832,99,0.49306659602734726,0.14912298321723938,0.9888266921043396,0.9928171634674072
