arm,lr,steps,correct,n,accuracy_pct,delta_base_pp,strict_correct,output_cap_hits
reference,3e-05,32,217,256,84.765625,-1.953125,206,2
reference,3e-05,128,179,256,69.921875,-16.796875,149,0
reference,3e-05,256,174,256,67.96875,-18.75,167,1
reference,0.0001,32,198,256,77.34375,-9.375,140,0
reference,0.0001,128,173,256,67.578125,-19.140625,171,1
reference,0.0001,256,175,256,68.359375,-18.359375,174,1
reference,0.0003,32,175,256,68.359375,-18.359375,172,2
reference,0.0003,128,172,256,67.1875,-19.53125,172,1
reference,0.0003,256,172,256,67.1875,-19.53125,172,0
student,3e-05,32,215,256,83.984375,-2.734375,215,1
student,3e-05,128,221,256,86.328125,-0.390625,217,0
student,3e-05,256,214,256,83.59375,-3.125,212,1
student,0.0001,32,218,256,85.15625,-1.5625,218,0
student,0.0001,128,213,256,83.203125,-3.515625,212,0
student,0.0001,256,213,256,83.203125,-3.515625,211,1
student,0.0003,32,221,256,86.328125,-0.390625,220,0
student,0.0003,128,212,256,82.8125,-3.90625,211,2
student,0.0003,256,218,256,85.15625,-1.5625,218,0
teacher,3e-05,32,214,256,83.59375,-3.125,214,0
teacher,3e-05,128,211,256,82.421875,-4.296875,211,0
teacher,3e-05,256,215,256,83.984375,-2.734375,215,0
teacher,0.0001,32,214,256,83.59375,-3.125,214,1
teacher,0.0001,128,219,256,85.546875,-1.171875,219,0
teacher,0.0001,256,220,256,85.9375,-0.78125,220,1
teacher,0.0003,32,216,256,84.375,-2.34375,216,0
teacher,0.0003,128,210,256,82.03125,-4.6875,210,0
teacher,0.0003,256,213,256,83.203125,-3.515625,213,1
