comparison,seed,gained,lost,delta_pp,mcnemar_p
independently_tuned_reference_minus_base,101,49,40,0.6823351023502654,0.39657015814551616
independently_tuned_reference_minus_base,102,51,48,0.22744503411675512,0.8408215252256424
independently_tuned_reference_minus_base,103,56,49,0.530705079605762,0.5583942911655912
independently_tuned_student_minus_base,101,71,61,0.7581501137225171,0.43353726974233275
independently_tuned_student_minus_base,102,75,66,0.6823351023502654,0.5006292645252418
independently_tuned_student_minus_base,103,76,66,0.7581501137225171,0.4502079923492317
independently_tuned_teacher_minus_base,101,107,86,1.592115238817286,0.14978339555605769
independently_tuned_teacher_minus_base,102,113,80,2.501895375284306,0.0210140802548502
independently_tuned_teacher_minus_base,103,108,83,1.8953752843062925,0.08219129693943286
matched_student_minus_reference,101,70,61,0.6823351023502654,0.4847202181285303
matched_student_minus_reference,102,72,68,0.3032600454890068,0.7999564140878658
matched_student_minus_reference,103,74,70,0.3032600454890068,0.802693355069728
matched_teacher_minus_reference,101,64,60,0.3032600454890068,0.7877465824023323
matched_teacher_minus_reference,102,84,64,1.5163002274450341,0.11803924678172613
matched_teacher_minus_reference,103,72,61,0.8339651250947688,0.38595875434107824
independently_tuned_student_minus_reference,101,70,69,0.0758150113722517,1.0
independently_tuned_student_minus_reference,102,78,72,0.45489006823351025,0.6832317601040961
independently_tuned_student_minus_reference,103,82,79,0.22744503411675512,0.874817867201542
independently_tuned_teacher_minus_reference,101,106,94,0.9097801364670205,0.4367534895513286
independently_tuned_teacher_minus_reference,102,119,89,2.2744503411675514,0.04408796929534615
independently_tuned_teacher_minus_reference,103,106,88,1.3646702047005308,0.22216821268362838
