run,arm,seed,lr,steps,online_seconds,wall_seconds,supervised_tokens,input_tokens
reference_lr0.0001_s101,reference,101,0.0001,256,124.572998884134,124.82004450203385,981096,1847827
reference_lr0.0003_s101,reference,101,0.0003,256,124.27853728283662,124.52744437404908,981096,1847827
reference_lr3e-05_s101,reference,101,3e-05,256,122.56965380173642,122.82148547691759,981096,1847827
reference_lr3e-05_s102,reference,102,3e-05,32,27.836728118825704,28.05175878596492,121636,229592
reference_lr3e-05_s103,reference,103,3e-05,32,43.52700380596798,43.91587609495036,123245,231745
student_lr0.0001_s101,student,101,0.0001,256,144.50157859304454,144.7567620939808,2238437,3105168
student_lr0.0003_s101,student,101,0.0003,256,145.18820793519262,145.45065468398388,2238437,3105168
student_lr0.0003_s102,student,102,0.0003,32,58.05095227784477,58.436799644026905,279648,387604
student_lr0.0003_s103,student,103,0.0003,32,61.49835063400678,61.870434810058214,280196,388696
student_lr3e-05_s101,student,101,3e-05,256,140.44854200119153,140.70769463304896,2238437,3105168
student_lr3e-05_s102,student,102,3e-05,32,63.14811756112613,63.51608060102444,279648,387604
student_lr3e-05_s103,student,103,3e-05,32,61.148841432412155,61.55188939499203,280196,388696
teacher_lr0.0001_s101,teacher,101,0.0001,256,146.4039591520559,146.65617878502235,2311174,3177905
teacher_lr0.0001_s102,teacher,102,0.0001,256,502.2131909200689,505.2308957830537,2310702,3177434
teacher_lr0.0001_s103,teacher,103,0.0001,256,488.3917263118783,491.3497080060188,2311400,3178084
teacher_lr0.0003_s101,teacher,101,0.0003,256,145.7162406834541,145.9692257529823,2311174,3177905
teacher_lr3e-05_s101,teacher,101,3e-05,256,146.1370344402967,146.39446034200955,2311174,3177905
teacher_lr3e-05_s102,teacher,102,3e-05,32,62.16379788564518,62.54149678291287,287570,395526
teacher_lr3e-05_s103,teacher,103,3e-05,32,60.30671962595079,60.66096938494593,289702,398202
