dataset,name,n,correct,accuracy_pct,delta_pp,wrong_to_right,right_to_wrong,mcnemar_p,mean_tokens,truncated,identical_text_to_base,strict_box_correct,strict_box_accuracy_pct,correct_without_matching_final_box,empty_parse,ci_lower,ci_upper,repeat_all_text_identical,dev_ce64,trainable,method,rank,lr,step,seen_examples,supervised_tokens,mcnemar_holm_p
dev,base,500,304,60.8,0.0,0,0,1.0,636.986,35,500,304,60.8,0,0,0.0,0.0,,,,,,,,,,
dev,base_repeat,500,304,60.8,0.0,0,0,1.0,636.986,35,500,304,60.8,0,0,0.0,0.0,True,,,,,,,,,
dev,dense_all_lr1e-6_s43_step125,500,147,29.4,-31.4,11,168,3.0887846315815043e-37,524.104,94,0,144,28.799999999999997,3,2,-36.0,-27.0,,0.7605581869226037,1310195712,dense,16,1e-06,125,2000,462407,7.10420465263746e-36
dev,dense_all_lr1e-6_s43_step25,500,159,31.8,-28.999999999999996,12,157,2.1964532601679834e-33,359.18,59,0,154,30.8,5,2,-33.4,-24.6,,0.7813851566228329,1310195712,dense,16,1e-06,25,400,85205,3.9536158683023703e-32
dev,full_lr1e-5_s43_step125,500,154,30.8,-30.0,10,160,6.04149528285632e-36,432.944,71,0,148,29.599999999999998,6,4,-34.4,-25.6,,0.7427765076900367,1543714304,full,16,1e-05,125,2000,462407,1.2687140093998271e-34
dev,full_lr1e-5_s43_step25,500,129,25.8,-35.0,14,189,2.4567591179535156e-40,608.026,119,0,129,25.8,0,10,-39.605,-30.2,,0.8160178079346462,1543714304,full,16,1e-05,25,400,85205,5.896221883088437e-39
dev,full_lr1e-6_fp32_s43_step25,500,165,33.0,-27.800000000000004,12,151,9.002303160266326e-32,429.158,71,0,155,31.0,10,5,-32.2,-23.400000000000002,,0.748984282158844,1543714304,full,16,1e-06,25,400,85205,1.4403685056426121e-30
dev,full_lr1e-6_fp32_s44_step25,500,190,38.0,-22.8,19,133,2.954047338544925e-22,409.506,63,0,181,36.199999999999996,9,5,-27.200000000000003,-18.4,,0.746654100706682,1543714304,full,16,1e-06,25,400,88722,2.2719805162771255e-21
dev,full_lr1e-6_fp32_s45_step25,500,176,35.199999999999996,-25.6,13,141,2.5180562644965816e-28,401.418,63,0,169,33.800000000000004,7,3,-30.0,-21.4,,0.7472656205411152,1543714304,full,16,1e-06,25,400,89025,3.021667517395898e-27
dev,full_lr1e-6_s43_step125,500,147,29.4,-31.4,12,169,1.2478252186982291e-36,461.048,77,0,145,28.999999999999996,2,5,-35.8,-27.0,,0.7619578171953485,1543714304,full,16,1e-06,125,2000,462407,2.745215481136104e-35
dev,full_lr1e-6_s43_step25,500,155,31.0,-29.799999999999997,10,159,1.1376864949316992e-35,301.104,42,0,149,29.799999999999997,6,0,-34.2,-25.6,,0.7832168159645991,1543714304,full,16,1e-06,25,400,85205,2.2753729898633984e-34
dev,full_lr1e-7_s43_step125,500,154,30.8,-30.0,12,162,9.829902716615718e-35,288.89,43,0,138,27.6,16,2,-34.599999999999994,-25.6,,0.8294123287372271,1543714304,full,16,1e-07,125,2000,462407,1.8676815161569865e-33
dev,full_lr1e-7_s43_step25,500,159,31.8,-28.999999999999996,12,157,2.1964532601679834e-33,258.246,34,0,143,28.599999999999998,16,3,-33.4,-24.6,,0.8431789689756366,1543714304,full,16,1e-07,25,400,85205,3.9536158683023703e-32
dev,lora_all16_lr1e-4_s43_step125,500,173,34.599999999999994,-26.200000000000003,18,149,7.482437985622533e-27,383.172,58,0,169,33.800000000000004,4,4,-30.8,-21.8,,0.7495582940597266,18464768,lora,16,0.0001,125,2000,462407,7.361303006079905e-26
dev,lora_all16_lr1e-4_s43_step25,500,163,32.6,-28.199999999999996,13,154,9.113778720543226e-32,410.276,64,0,156,31.2,8,3,-32.6,-23.799999999999997,,0.7617387916540517,18464768,lora,16,0.0001,25,400,85205,1.4403685056426121e-30
dev,lora_all16_lr1e-5_fp32_s43_step25,500,205,41.0,-19.8,18,117,5.723995795100052e-19,415.286,25,12,186,37.2,19,1,-24.0,-15.6,,0.7723915302564227,18464768,lora,16,1e-05,25,400,85205,3.4343974770600316e-18
dev,lora_all16_lr1e-5_s43_step125,500,178,35.6,-25.2,15,141,7.361303006079904e-27,352.78,50,0,169,33.800000000000004,9,6,-29.599999999999998,-20.8,,0.780701473580211,18464768,lora,16,1e-05,125,2000,462407,7.361303006079905e-26
dev,lora_all16_lr1e-5_s43_step25,500,224,44.800000000000004,-16.0,19,99,3.055970137442688e-14,497.354,27,22,206,41.199999999999996,18,0,-20.0,-12.0,,0.8190974552648327,18464768,lora,16,1e-05,25,400,85205,1.527985068721344e-13
dev,lora_all64_lr1e-4_s43_step125,500,170,34.0,-26.8,17,151,4.949592375030901e-28,405.778,65,0,167,33.4,3,6,-31.4,-22.2,,0.7489308825845391,73859072,lora,64,0.0001,125,2000,462407,5.4445516125339906e-27
dev,lora_all64_lr1e-4_s43_step25,500,162,32.4,-28.4,14,156,1.633689311367378e-31,437.174,72,0,156,31.2,7,4,-32.800000000000004,-24.0,,0.7617186734467173,73859072,lora,64,0.0001,25,400,85205,2.287165035914329e-30
dev,lora_all64_lr1e-5_s43_step125,500,172,34.4,-26.400000000000002,14,146,6.955697735847293e-29,319.828,42,0,162,32.4,10,4,-30.8,-22.19500000000007,,0.7810777957732657,73859072,lora,64,1e-05,125,2000,462407,9.042407056601482e-28
dev,lora_all64_lr1e-5_s43_step25,500,196,39.2,-21.6,15,123,2.839975645346407e-22,402.366,31,7,177,35.4,19,2,-25.8,-17.4,,0.8219191285788183,73859072,lora,64,1e-05,25,400,85205,2.2719805162771255e-21
dev,lora_qkvo16_lr1e-5_s43_step125,500,238,47.599999999999994,-13.200000000000001,22,88,1.5502748845162157e-10,510.228,28,25,223,44.6,15,0,-17.2,-9.2,,0.7977430893251362,4358144,lora,16,1e-05,125,2000,462407,6.201099538064863e-10
dev,lora_qkvo16_lr1e-5_s43_step25,500,298,59.599999999999994,-1.2,11,17,0.34492845088243484,622.46,31,227,295,59.0,3,0,-3.2,0.8,,0.8365274130665393,4358144,lora,16,1e-05,25,400,85205,1.0
dev,lora_qkvo16_lr1e-5_s44_step25,500,301,60.199999999999996,-0.6,12,15,0.7011080384254456,630.296,34,233,298,59.599999999999994,3,0,-2.6,1.4000000000000001,,0.8357223910335349,4358144,lora,16,1e-05,25,400,88722,1.0
dev,lora_qkvo16_lr1e-5_s45_step25,500,299,59.8,-1.0,9,14,0.4048728942871094,633.296,36,240,296,59.199999999999996,3,0,-3.0,0.8,,0.8377698254986926,4358144,lora,16,1e-05,25,400,89025,1.0
gsm_diagnostic,base,300,219,73.0,0.0,0,0,1.0,302.10333333333335,1,300,218,72.66666666666667,1,0,0.0,0.0,,,,,,,,,,
gsm_diagnostic,full_lr1e-6_fp32_s43_step25,300,165,55.00000000000001,-18.0,25,79,1.0540017368882998e-07,144.27666666666667,7,0,80,26.666666666666668,85,0,-24.333333333333336,-11.666666666666666,,0.748984282158844,1543714304,full,16,1e-06,25,400,85205,5.2700086844415e-07
gsm_diagnostic,full_lr1e-6_fp32_s44_step25,300,161,53.666666666666664,-19.333333333333332,19,77,1.8621521769948975e-09,183.30333333333334,13,0,78,26.0,83,0,-25.333333333333336,-13.333333333333334,,0.746654100706682,1543714304,full,16,1e-06,25,400,88722,1.1172913061969386e-08
gsm_diagnostic,full_lr1e-6_fp32_s45_step25,300,169,56.333333333333336,-16.666666666666664,24,74,4.2159207369916054e-07,117.14,3,0,72,24.0,97,0,-23.0,-10.333333333333334,,0.7472656205411152,1543714304,full,16,1e-06,25,400,89025,1.6863682947966421e-06
gsm_diagnostic,lora_qkvo16_lr1e-5_s43_step25,300,219,73.0,0.0,10,10,1.0,298.1166666666667,2,149,202,67.33333333333333,17,0,-2.666666666666667,3.0,,0.8365274130665393,4358144,lora,16,1e-05,25,400,85205,1.0
gsm_diagnostic,lora_qkvo16_lr1e-5_s44_step25,300,216,72.0,-1.0,7,10,0.629058837890625,306.1933333333333,3,154,199,66.33333333333333,17,0,-3.6666666666666665,1.6666666666666667,,0.8357223910335349,4358144,lora,16,1e-05,25,400,88722,1.0
gsm_diagnostic,lora_qkvo16_lr1e-5_s45_step25,300,219,73.0,0.0,9,9,1.0,306.37333333333333,3,161,203,67.66666666666666,16,0,-2.666666666666667,2.666666666666667,,0.8377698254986926,4358144,lora,16,1e-05,25,400,89025,1.0
math_confirmation,base,1000,568,56.8,0.0,0,0,1.0,573.502,45,1000,564,56.39999999999999,5,0,0.0,0.0,,,,,,,,,,
math_confirmation,full_lr1e-6_fp32_s43_step25,1000,319,31.900000000000002,-24.9,45,294,5.981602118464311e-46,382.328,119,0,308,30.8,11,5,-28.1,-21.7,,0.748984282158844,1543714304,full,16,1e-06,25,400,85205,2.990801059232155e-45
math_confirmation,full_lr1e-6_fp32_s44_step25,1000,325,32.5,-24.3,42,285,1.5884387662165912e-45,392.021,123,0,301,30.099999999999998,24,7,-27.6,-21.099999999999998,,0.746654100706682,1543714304,full,16,1e-06,25,400,88722,6.353755064866365e-45
math_confirmation,full_lr1e-6_fp32_s45_step25,1000,323,32.300000000000004,-24.5,40,285,1.0180676923449036e-46,398.334,128,0,304,30.4,19,4,-27.700000000000003,-21.3,,0.7472656205411152,1543714304,full,16,1e-06,25,400,89025,6.108406154069422e-46
math_confirmation,lora_qkvo16_lr1e-5_s43_step25,1000,555,55.50000000000001,-1.3,24,37,0.12373144253809215,563.811,40,526,545,54.50000000000001,11,0,-2.8000000000000003,0.2,,0.8365274130665393,4358144,lora,16,1e-05,25,400,85205,0.37119432761427645
math_confirmation,lora_qkvo16_lr1e-5_s44_step25,1000,560,56.00000000000001,-0.8,22,30,0.3317497633694906,560.664,37,538,552,55.2,9,0,-2.1999999999999997,0.6,,0.8357223910335349,4358144,lora,16,1e-05,25,400,88722,0.6634995267389812
math_confirmation,lora_qkvo16_lr1e-5_s45_step25,1000,563,56.3,-0.5,23,28,0.5758493477318467,562.338,39,555,557,55.7,7,0,-1.9,0.8999999999999999,,0.8377698254986926,4358144,lora,16,1e-05,25,400,89025,0.6634995267389812
train_probe,base,128,69,53.90625,0.0,0,0,1.0,583.015625,5,128,69,53.90625,0,0,0.0,0.0,,,,,,,,,,
train_probe,full_lr1e-6_s43_step125,128,30,23.4375,-30.46875,5,44,7.59715845788378e-09,473.515625,20,0,28,21.875,2,1,-39.84375,-21.09375,,0.7619578171953485,1543714304,full,16,1e-06,125,2000,462407,2.2791475373651338e-08
train_probe,lora_all16_lr1e-5_s43_step125,128,41,32.03125,-21.875,7,35,1.5097200957825409e-05,414.7265625,17,0,38,29.6875,3,1,-31.25,-12.5,,0.780701473580211,18464768,lora,16,1e-05,125,2000,462407,3.0194401915650818e-05
train_probe,lora_qkvo16_lr1e-5_s43_step125,128,58,45.3125,-8.59375,6,17,0.03468966484069824,484.625,6,6,54,42.1875,4,0,-15.625,-1.5625,,0.7977430893251362,4358144,lora,16,1e-05,125,2000,462407,0.03468966484069824
