seed,predictor_seed,model_step,probe,method,n,correct,accuracy_percent,output_cap_hits
101,123,32,0,baseline,1024,76,7.421875,576
101,123,32,0,carry,1024,68,6.640625,533
101,123,32,0,reset,1024,50,4.8828125,558
101,123,32,0,frozen,1024,74,7.2265625,535
101,123,32,0,oracle,1024,70,6.8359375,532
102,124,32,0,baseline,1024,83,8.10546875,443
102,124,32,0,carry,1024,75,7.32421875,432
102,124,32,0,reset,1024,69,6.73828125,449
102,124,32,0,frozen,1024,83,8.10546875,448
102,124,32,0,oracle,1024,94,9.1796875,460
103,125,32,0,baseline,1024,56,5.46875,473
103,125,32,0,carry,1024,70,6.8359375,517
103,125,32,0,reset,1024,69,6.73828125,510
103,125,32,0,frozen,1024,65,6.34765625,497
103,125,32,0,oracle,1024,85,8.30078125,490
