seed,model_step,probe,method,gradient_relative_l2,gradient_cosine,gradient_norm_ratio,selected_epoch,ce_improvement,expression_ce_improvement
101,16,0,carry,1.4105303287506104,0.3379102647304535,1.388519287109375,2,-0.0006595360538287631,-0.026577575304479906
101,16,0,reset,1.6263006925582886,0.34995168447494507,1.6793575286865234,3,-0.00021886904494317072,-0.020178498719283428
101,16,0,frozen,1.8200258016586304,0.2388257086277008,1.778153896331787,,-0.0014298064939830546,-0.0008812905419047085
101,16,0,oracle,,,,,-0.0025838102454915635,-0.03961367670702663
101,16,1,carry,0.9558630585670471,0.5875412225723267,1.0963428020477295,29,-0.002480244729316322,-0.04513644877735863
101,16,1,reset,1.0594090223312378,0.5323627591133118,1.169353723526001,26,-0.00038807580589717006,-0.030743032059442787
101,16,1,frozen,1.5286474227905273,0.23914554715156555,1.4198036193847656,,-0.0007051676831996423,0.001957783852365849
101,16,1,oracle,,,,,-0.0010289621940298699,-0.03545612054731745
101,16,2,carry,1.1750470399856567,0.5145410299301147,1.317963719367981,30,-0.0027376104330375517,-0.04486353873174195
101,16,2,reset,1.2715362310409546,0.40866705775260925,1.293999433517456,4,-0.0011582361140331232,-0.02477286969911252
101,16,2,frozen,1.6157408952713013,0.173425555229187,1.4543217420578003,,-0.00019898407410931518,-0.0011107331805554205
101,16,2,oracle,,,,,-0.0031757874169499045,-0.04662684582661206
101,16,3,carry,1.3894518613815308,0.231636181473732,1.223720669746399,25,-0.001055428546542836,0.008496484709191551
101,16,3,reset,1.485049843788147,0.18426135182380676,1.297511100769043,28,-0.0007029015088584056,0.0027433671962069917
101,16,3,frozen,1.7035431861877441,0.19258202612400055,1.5851147174835205,,0.00041590813194034015,0.0016492660404929804
101,16,3,oracle,,,,,2.4380678082802643e-05,-0.019330187970857213
101,32,0,carry,1.1577792167663574,0.3394508361816406,1.014491319656372,30,0.0021705945526715037,-0.015421587182607333
101,32,0,reset,1.2950921058654785,0.29514360427856445,1.1694281101226807,15,0.0021749271736913878,-0.015782722060419793
101,32,0,frozen,1.8794219493865967,0.19956959784030914,1.8033323287963867,,0.0014405683571850486,0.0019026310683086384
101,32,0,oracle,,,,,0.0017184780651721132,0.0031863020477482795
101,32,1,carry,1.2698137760162354,0.2844100594520569,1.1170661449432373,30,-0.0005473903907039918,0.007969972188860842
101,32,1,reset,1.5290000438690186,0.144939124584198,1.3106356859207153,21,-0.0024107785260088083,0.012427496776270613
101,32,1,frozen,1.9454113245010376,0.19423484802246094,1.874220371246338,,-0.00018352040598089425,-0.002060618021751906
101,32,1,oracle,,,,,-0.004755633186295571,-0.05405964312230252
101,32,2,carry,1.4816880226135254,0.19203269481658936,1.3021118640899658,3,-0.0007101834052294642,-0.0018845267558900702
101,32,2,reset,1.895195484161377,0.1297203153371811,1.744834303855896,30,-0.0005632857935155972,0.0013650321714495789
101,32,2,frozen,2.1927192211151123,0.16341117024421692,2.1216554641723633,,-0.000716471149993847,0.0013340553384466464
101,32,2,oracle,,,,,-0.00032931611590139576,-0.032990565252051546
101,32,3,carry,1.2499973773956299,0.3992878794670105,1.2489491701126099,3,0.0011048065478456714,0.00305361821712824
101,32,3,reset,1.8169485330581665,0.02178272418677807,1.5389434099197388,15,-0.004248529705511345,0.007881343662389198
101,32,3,frozen,1.9321269989013672,0.2533857226371765,1.9259045124053955,,-0.001009708803248563,0.0014107272238682717
101,32,3,oracle,,,,,-0.002441181492333272,-0.036238980023516845
102,16,0,carry,1.1116032600402832,0.36655789613723755,0.9748559594154358,3,0.0004611181355647087,0.003454866743765578
102,16,0,reset,1.2710914611816406,0.417961984872818,1.3069872856140137,5,0.001945997091815005,0.011645066374750906
102,16,0,frozen,1.4160041809082031,0.23264667391777039,1.2618175745010376,,0.0004320136898519622,-0.0030572802731173576
102,16,0,oracle,,,,,0.002512163226042391,0.022113713496237405
102,16,1,carry,1.1505093574523926,0.3661060333251953,1.0426452159881592,6,0.0003686702479231696,0.001892142440982847
102,16,1,reset,1.3599958419799805,0.37346237897872925,1.367978811264038,16,0.000796524124180964,0.00354108734664553
102,16,1,frozen,1.6796605587005615,0.3110094368457794,1.695923089981079,,-0.0009526520397990235,-0.010548464366778004
102,16,1,oracle,,,,,0.00264262866425502,0.022816263647709403
102,16,2,carry,1.0500092506408691,0.39409101009368896,0.9018576145172119,7,0.00047536492313096645,0.002851189861422146
102,16,2,reset,1.1247241497039795,0.35179603099823,0.9753062725067139,8,0.000899965882045134,0.00681931729933076
102,16,2,frozen,1.4895540475845337,0.14398422837257385,1.257313847541809,,0.0002270465792558185,-0.00423610428918339
102,16,2,oracle,,,,,0.0015719787317154121,0.02168721810349304
102,16,3,carry,0.9913973212242126,0.5120906829833984,1.0071719884872437,29,0.0011512250125342294,0.02279665598734748
102,16,3,reset,1.0467920303344727,0.46282219886779785,1.0195785760879517,28,0.0009094068395722466,0.022036736486096623
102,16,3,frozen,1.40168297290802,0.20700198411941528,1.2107772827148438,,0.001878362807855305,0.007479704841416149
102,16,3,oracle,,,,,0.002222326108302475,0.027588607044183602
102,32,0,carry,1.270323634147644,0.23463848233222961,1.0524264574050903,8,-0.000708708192867738,0.003277068375449152
102,32,0,reset,1.5255298614501953,0.14508098363876343,1.3062397241592407,6,2.312758537080517e-05,0.007146951152264179
102,32,0,frozen,2.2039904594421387,0.22711576521396637,2.2042741775512695,,-0.0008167678099403608,0.006428153320926923
102,32,0,oracle,,,,,-0.004947864400694474,0.007966428865575012
102,32,1,carry,1.5241947174072266,0.21050769090652466,1.3799018859863281,20,-0.0007009001886580796,0.0036249149777355036
102,32,1,reset,1.5829825401306152,0.24268700182437897,1.4935791492462158,30,-0.0008491348249540925,0.006426958130991839
102,32,1,frozen,2.284498929977417,0.19333937764167786,2.256423234939575,,-0.0005317832864576433,0.0040307494842817745
102,32,1,oracle,,,,,-0.002636837531390726,-0.005996387401760742
102,32,2,carry,1.5343005657196045,0.1527317315340042,1.3263609409332275,4,-0.0007062124625768357,0.0020936356267212963
102,32,2,reset,1.794211506843567,0.1510198712348938,1.6483515501022339,6,-0.0008710494348588282,-0.009216029766876077
102,32,2,frozen,2.5541484355926514,0.10390747338533401,2.4564530849456787,,-0.0007441665484125976,0.003355559087331421
102,32,2,oracle,,,,,-0.001889810112355339,0.007822364729114767
102,32,3,carry,1.4626761674880981,0.2964050769805908,1.4042307138442993,4,-0.00099513175810588,0.006386539316832557
102,32,3,reset,1.737726092338562,0.27310633659362793,1.720268726348877,6,-0.0003971586301087515,0.0026792042986126113
102,32,3,frozen,2.355377197265625,0.22586864233016968,2.370354175567627,,-0.0004956261264313366,0.0006539862813222941
102,32,3,oracle,,,,,-0.0017559727483034693,0.0017376559230738303
103,16,0,carry,1.2087898254394531,0.32751166820526123,1.0814590454101562,3,-0.0003910157893353139,0.004053644038039678
103,16,0,reset,1.3425935506820679,0.3176822066307068,1.2681975364685059,3,0.0006561603613720046,0.009259735023550916
103,16,0,frozen,1.5766234397888184,0.15113113820552826,1.3793745040893555,,-0.004240605413910276,-0.0020621928206192297
103,16,0,oracle,,,,,0.0022632852209675813,0.01230125511417296
103,16,1,carry,1.251304268836975,0.3316293954849243,1.1536637544631958,8,0.0006923563438694935,-0.015298686746282694
103,16,1,reset,1.4085263013839722,0.38212722539901733,1.4451265335083008,26,8.739037277488704e-05,-0.012546736917713214
103,16,1,frozen,1.7424215078353882,0.2296028733253479,1.6748539209365845,,-0.004505964461578804,-0.010899432119688468
103,16,1,oracle,,,,,0.0030016081946759032,0.009514682091054855
103,16,2,carry,1.281240701675415,0.2594555616378784,1.101414680480957,9,-0.0017924750108104792,-0.0178572837321955
103,16,2,reset,1.3582717180252075,0.24664312601089478,1.1983442306518555,22,-0.0013252462030474976,-0.010635272405677618
103,16,2,frozen,1.7546987533569336,0.09324471652507782,1.5381191968917847,,-0.003622701416352403,-0.009078795576158094
103,16,2,oracle,,,,,0.002300174960402107,0.01267723134443012
103,16,3,carry,1.0966041088104248,0.31650209426879883,0.8666968941688538,30,8.56183315670056e-06,0.014217542639151814
103,16,3,reset,1.135697841644287,0.26380372047424316,0.8633052706718445,30,-0.00017075003554004042,0.014651289423596059
103,16,3,frozen,1.4607340097427368,0.003697748761624098,1.0684782266616821,,-0.0015936731468227938,0.00509196774442322
103,16,3,oracle,,,,,0.001466225406229954,0.019233881439083098
103,32,0,carry,0.8823930621147156,0.5574805736541748,0.8564823269844055,5,-0.0023982731066438667,0.02267180751672921
103,32,0,reset,0.94843590259552,0.5073891878128052,0.9035891890525818,7,-0.0026381561106254003,0.023969076208311686
103,32,0,frozen,1.4329159259796143,0.09973933547735214,1.130853295326233,,-0.001837555530034285,0.0036387281575125247
103,32,0,oracle,,,,,-0.0047647378208842545,0.024011919774647714
103,32,1,carry,1.0819419622421265,0.5427890419960022,1.224858045578003,30,-0.0029898699951371316,0.02555768649738252
103,32,1,reset,1.1647969484329224,0.4841364622116089,1.2529927492141724,30,-0.0025524682351131395,0.024474543119592296
103,32,1,frozen,1.772379755973816,0.10755951702594757,1.5748355388641357,,-0.0018785234014698643,-0.0014506518540545604
103,32,1,oracle,,,,,-0.004737697156137408,0.026979094844187063
103,32,2,carry,1.0637179613113403,0.4329361617565155,0.9976746439933777,29,-0.0037260909193226888,0.025294661119358172
103,32,2,reset,1.188025951385498,0.349068820476532,1.0793118476867676,30,-0.004108416540473017,0.02406149635951542
103,32,2,frozen,1.6828941106796265,0.02484903112053871,1.378640055656433,,-0.002474249125897915,-0.00404611180901214
103,32,2,oracle,,,,,-0.004520891608279037,0.026584022976622594
103,32,3,carry,1.2641010284423828,0.4942131042480469,1.4119266271591187,29,-0.003085539656288633,0.026367563156145253
103,32,3,reset,1.3758068084716797,0.4641396999359131,1.5168837308883667,28,-0.0030997855991355266,0.024796107986475635
103,32,3,frozen,1.8701802492141724,0.08132828027009964,1.6637910604476929,,-0.005837958580651212,-0.017900543991222317
103,32,3,oracle,,,,,-0.004406086990155711,0.026405056781723397
