condition,comparison,n,gained,lost,delta_pp,mcnemar_p,holm_p_within_13,holm_p_all_39
1p5b_countdown,adaptive_vs_base,2048,111,118,-0.341796875,0.6918330937895892,1.0,1.0
1p5b_countdown,adaptive_vs_warmup,2048,94,130,-1.7578125,0.01915733886339021,0.24904540522407273,0.7088215379454378
1p5b_countdown,adaptive_vs_oracle,2048,108,110,-0.09765625,0.9460223749390716,1.0,1.0
1p5b_svamp,adaptive_vs_base,300,9,19,-3.3333333333333335,0.08715855330228806,0.8715855330228806,1.0
1p5b_svamp,adaptive_vs_warmup,300,9,7,0.6666666666666666,0.803619384765625,1.0,1.0
1p5b_svamp,adaptive_vs_oracle,300,8,8,0.0,1.0,1.0,1.0
1p5b_aqua,adaptive_vs_base,254,16,20,-1.5748031496062993,0.617719317029696,1.0,1.0
1p5b_aqua,adaptive_vs_warmup,254,14,20,-2.3622047244094486,0.39152830513194203,1.0,1.0
1p5b_aqua,adaptive_vs_oracle,254,11,15,-1.5748031496062993,0.557197093963623,1.0,1.0
1p5b_gsm8k,adaptive_vs_base,1319,41,36,0.37907505686125853,0.6487911623106449,1.0,1.0
1p5b_gsm8k,adaptive_vs_warmup,1319,30,40,-0.7581501137225171,0.281978921793656,1.0,1.0
1p5b_gsm8k,adaptive_vs_oracle,1319,27,42,-1.1372251705837755,0.09118649056701154,1.0,1.0
1p5b_math,adaptive_vs_base,500,31,25,1.2,0.5044037600228255,1.0,1.0
1p5b_math,adaptive_vs_warmup,500,25,22,0.6,0.7708669945730263,1.0,1.0
1p5b_math,adaptive_vs_oracle,500,27,24,0.6,0.7797679305530743,1.0,1.0
1p5b_arc_easy,adaptive_vs_base,2376,32,9,0.968013468013468,0.000430857042374555,0.005601141550869215,0.016803424652607646
1p5b_arc_easy,adaptive_vs_warmup,2376,12,4,0.3367003367003367,0.076812744140625,0.9217529296875,1.0
1p5b_arc_easy,adaptive_vs_oracle,2376,5,6,-0.04208754208754209,1.0,1.0,1.0
1p5b_arc_challenge,adaptive_vs_base,1172,27,32,-0.42662116040955633,0.6029232012571504,1.0,1.0
1p5b_arc_challenge,adaptive_vs_warmup,1172,4,1,0.25597269624573377,0.375,1.0,1.0
1p5b_arc_challenge,adaptive_vs_oracle,1172,3,4,-0.08532423208191127,1.0,1.0,1.0
1p5b_openbookqa,adaptive_vs_base,500,36,17,3.8,0.012660335802414213,0.15192402962897056,0.4810927604917401
1p5b_openbookqa,adaptive_vs_warmup,500,16,10,1.2,0.32693958282470703,1.0,1.0
1p5b_openbookqa,adaptive_vs_oracle,500,12,15,-0.6,0.7011080384254456,1.0,1.0
1p5b_boolq,adaptive_vs_base,3270,172,133,1.1926605504587156,0.02939825163125781,0.3233807679438359,1.0
1p5b_boolq,adaptive_vs_warmup,3270,13,12,0.03058103975535168,1.0,1.0,1.0
1p5b_boolq,adaptive_vs_oracle,3270,16,10,0.1834862385321101,0.32693958282470703,1.0,1.0
7b_countdown,adaptive_vs_base,2048,138,148,-0.48828125,0.5946780571488709,1.0,1.0
7b_countdown,adaptive_vs_warmup,2048,138,144,-0.29296875,0.765958835095637,1.0,1.0
7b_countdown,adaptive_vs_oracle,2048,131,133,-0.09765625,0.9509400800412554,1.0,1.0
7b_gsm8k,adaptive_vs_base,1319,22,17,0.37907505686125853,0.5223973804968411,1.0,1.0
7b_gsm8k,adaptive_vs_warmup,1319,23,16,0.530705079605762,0.3367836351899315,1.0,1.0
7b_gsm8k,adaptive_vs_oracle,1319,14,6,0.6065200909780136,0.11531829833984375,1.0,1.0
7b_aqua,adaptive_vs_base,254,17,10,2.7559055118110236,0.24778856337070465,1.0,1.0
7b_aqua,adaptive_vs_warmup,254,20,13,2.7559055118110236,0.296206368599087,1.0,1.0
7b_aqua,adaptive_vs_oracle,254,20,12,3.1496062992125986,0.21532714972272515,1.0,1.0
7b_arc_challenge,adaptive_vs_base,1172,13,16,-0.25597269624573377,0.711071103811264,1.0,1.0
7b_arc_challenge,adaptive_vs_warmup,1172,1,0,0.08532423208191127,1.0,1.0,1.0
7b_arc_challenge,adaptive_vs_oracle,1172,2,0,0.17064846416382254,0.5,1.0,1.0
