condition,method,median_seconds,time_ratio_to_oracle,counted_flops,flop_ratio_to_oracle,peak_allocated_bytes,true_gradient_examples,warmup_iterations,repeats,lr
1p5b_countdown,oracle,0.47673495893832296,1.0,38932854305792,1.0,11982215680,32,2,7,1e-05
1p5b_countdown,oracle20,0.29799379396717995,0.625072251111613,24489665637376,0.6290231238898069,11982215680,20,2,7,1e-05
1p5b_countdown,mean,0.2934280679328367,0.6154951769979148,24131857949696,0.6198327448626321,11982215680,20,2,7,1e-05
1p5b_countdown,frozen,0.08913340710569173,0.1869663749941679,5555578090496,0.142696398441804,6447608320,0,2,7,1e-05
1p5b_countdown,adaptive,1.2619058398995548,2.6469756753517473,31637346282496,0.8126130705446208,12001483264,20,2,7,1e-05
1p5b_svamp,oracle,0.4973394289845601,1.0,22396218245120,1.0,10726587392,32,2,7,1e-05
1p5b_svamp,oracle20,0.3101899449247867,0.6236986791055662,14174282400768,0.6328873136363765,10726587392,20,2,7,1e-05
1p5b_svamp,mean,0.3132350620580837,0.6298214937384506,13821249928192,0.6171242741485414,10726587392,20,2,7,1e-05
1p5b_svamp,frozen,0.08515740907751024,0.17122593567813413,3199221284864,0.1428464953256602,6377326080,0,2,7,1e-05
1p5b_svamp,adaptive,1.2454712899634615,2.5042681464174184,18204154874880,0.8128227129973863,10736286720,20,2,7,1e-05
1p5b_aqua,oracle,0.5596626630285755,1.0,53315742582784,1.0,15646958080,32,2,7,1e-05
1p5b_aqua,oracle20,0.3050943949492648,0.5451398049286829,28084144339968,0.5267514429975614,12984799744,20,2,7,1e-05
1p5b_aqua,mean,0.3004324350040406,0.5368098585999491,28820521520128,0.5405630705673474,14003374592,20,2,7,1e-05
1p5b_aqua,frozen,0.10708730504848063,0.19134259282008406,7680365227008,0.14405436096257318,6880342528,0,2,7,1e-05
1p5b_aqua,adaptive,1.280410896986723,2.2878261881145843,39516573271040,0.7411802097604124,14013860352,20,2,7,1e-05
1p5b_gsm8k,oracle,0.5064498049905524,1.0,53556214544384,1.0,14670920704,32,2,7,1e-05
1p5b_gsm8k,oracle20,0.33254733099602163,0.6566244625214639,34968236659712,0.6529258454354077,14670920704,20,2,7,1e-05
1p5b_gsm8k,mean,0.303940064040944,0.6001385745357605,33507731764224,0.6256553426951957,13866138112,20,2,7,1e-05
1p5b_gsm8k,frozen,0.09758528892416507,0.19268501628899923,7666130335744,0.14314175116672587,6603646464,0,2,7,1e-05
1p5b_gsm8k,adaptive,1.355606711935252,2.6766852283821896,44306863128576,0.8272963932478327,13886355968,20,2,7,1e-05
1p5b_math,oracle,0.6975826220586896,1.0,94586915035136,1.0,16689648640,32,2,7,1e-05
1p5b_math,oracle20,0.4334047910524532,0.6212952807989957,59138622850048,0.6252304859301089,16689648640,20,2,7,1e-05
1p5b_math,mean,0.5601944029331207,0.8030509723420117,60489434052608,0.6395116494722142,16680941568,20,2,7,1e-05
1p5b_math,frozen,0.15582194610033184,0.22337417987918584,13658036957184,0.14439668480688347,7498165760,0,2,7,1e-05
1p5b_math,adaptive,2.0097798809874803,2.881063572163344,85510553939968,0.904042106756559,16693819392,20,2,7,1e-05
1p5b_arc_easy,oracle,0.48995316098444164,1.0,22938846891008,1.0,11574776832,32,2,7,1e-05
1p5b_arc_easy,oracle20,0.31275615794584155,0.6383388920635478,13832046066688,0.6029965731237408,11574776832,20,2,7,1e-05
1p5b_arc_easy,mean,0.2963470460381359,0.604847707161841,11882685599744,0.5180158207691773,10614066176,20,2,7,1e-05
1p5b_arc_easy,frozen,0.08529463200829923,0.17408731854473686,3283685100544,0.14314952779214027,6422300160,0,2,7,1e-05
1p5b_arc_easy,adaptive,1.177556807990186,2.4034069004150767,16147668933632,0.7039442309526843,10623765504,20,2,7,1e-05
1p5b_arc_challenge,oracle,0.4923288859426975,1.0,22399540133888,1.0,11100166144,32,2,7,1e-05
1p5b_arc_challenge,oracle20,0.2949283350026235,0.5990473917407934,13468840309760,0.6012998583566075,10725080064,20,2,7,1e-05
1p5b_arc_challenge,mean,0.2950320999370888,0.5992581551906498,14706114908160,0.6565364654924898,11099379712,20,2,7,1e-05
1p5b_arc_challenge,frozen,0.08400648401584476,0.1706308250733481,3207477051392,0.14319387952699286,6403430400,0,2,7,1e-05
1p5b_arc_challenge,adaptive,1.1746755170170218,2.3859569295183363,19246084576256,0.8592178438136248,11104360448,20,2,7,1e-05
1p5b_openbookqa,oracle,0.4711097879335284,1.0,16054298439680,1.0,10129485824,32,2,7,1e-05
1p5b_openbookqa,oracle20,0.29491724900435656,0.6260053528031732,10297568979968,0.6414213002616422,10129485824,20,2,7,1e-05
1p5b_openbookqa,mean,0.29112578101921827,0.6179574028725017,9770096451584,0.6085657674978877,10004244992,20,2,7,1e-05
1p5b_openbookqa,frozen,0.0816769830416888,0.17337144150614225,2292726525952,0.14281075778965646,6358541824,0,2,7,1e-05
1p5b_openbookqa,adaptive,1.1421723909443244,2.4244293372768557,12777800214528,0.7959114664858997,10012895744,20,2,7,1e-05
1p5b_boolq,oracle,0.5068400289164856,1.0,45782274411520,1.0,13747725312,32,2,7,1e-05
1p5b_boolq,oracle20,0.31783448497299105,0.6270903378575927,28639230068736,0.6255528026263726,13747725312,20,2,7,1e-05
1p5b_boolq,mean,0.303399960976094,0.5986108903527164,30065893222400,0.6567147134751052,13121611776,20,2,7,1e-05
1p5b_boolq,frozen,0.09304816892836243,0.18358488599899914,6559588273152,0.14327790301963325,6541144576,0,2,7,1e-05
1p5b_boolq,adaptive,1.2945054069859907,2.5540709753200894,39190900366336,0.8560278157887796,13139208192,20,2,7,1e-05
7b_countdown,oracle,0.5940230489941314,1.0,174714818622464,1.0,46501878272,32,2,7,1e-05
7b_countdown,oracle20,0.3762439360143617,0.6333827225247597,109894305983488,0.6289924738493722,46501878272,20,2,7,1e-05
7b_countdown,mean,0.368860907969065,0.6209538646583883,108300403352576,0.6198695920956716,46501878272,20,2,7,1e-05
7b_countdown,frozen,0.14357239403761923,0.24169498857112134,27124054504448,0.1552475898627669,31027508736,0,2,7,1e-05
7b_countdown,adaptive,1.7629192649619654,2.9677623922962995,135856459967488,0.7775897948362133,46534711808,20,2,7,1e-05
7b_gsm8k,oracle,0.7627275829436257,1.0,239576222578688,1.0,51054767104,32,2,7,1e-05
7b_gsm8k,oracle20,0.4947904779110104,0.6487119241203331,156355827799040,0.6526349990666768,51054767104,20,2,7,1e-05
7b_gsm8k,mean,0.47218072693794966,0.6190686393110936,149911910937600,0.6257378521291358,49703184896,20,2,7,1e-05
7b_gsm8k,frozen,0.17324824107345194,0.22714301271867987,37212070197248,0.15532455515290472,31173895680,0,2,7,1e-05
7b_gsm8k,adaptive,1.9018344130599871,2.4934648432670548,187774476386304,0.7837775984827965,49748830720,20,2,7,1e-05
7b_aqua,oracle,0.7767392001114786,1.0,238066348705792,1.0,53100964352,32,2,7,1e-05
7b_aqua,oracle20,0.4104811790166423,0.5284671855852383,125871603219456,0.5287248865861806,48227848704,20,2,7,1e-05
7b_aqua,mean,0.41813123505562544,0.5383161233469544,129107852692480,0.5423187837943216,49925704192,20,2,7,1e-05
7b_aqua,frozen,0.18033594696316868,0.23217052382226447,37032980179968,0.1555573913797209,31485637120,0,2,7,1e-05
7b_aqua,adaptive,1.693640977027826,2.1804499847371583,168026150274048,0.7057954691517476,49947724288,20,2,7,1e-05
7b_arc_challenge,oracle,0.4709131889976561,1.0,100842747330560,1.0,45074774016,32,2,7,1e-05
7b_arc_challenge,oracle20,0.2993485819315538,0.6356767848628757,60649488069632,0.6014263759675695,44523240448,20,2,7,1e-05
7b_arc_challenge,mean,0.3023143840255216,0.6419747653893514,66193025224704,0.6563984716493783,45072939008,20,2,7,1e-05
7b_arc_challenge,frozen,0.1094738420797512,0.23247138673853554,15676954099712,0.1554594109611407,30987235840,0,2,7,1e-05
7b_arc_challenge,adaptive,1.316252814955078,2.795107135896399,82476291118080,0.8178703308005363,45085394944,20,2,7,1e-05
