condition,model,task,n,base_correct,base_accuracy_pct,warmup_correct,warmup_accuracy_pct,oracle_correct,oracle_accuracy_pct,adaptive_correct,adaptive_accuracy_pct,frozen_correct,frozen_accuracy_pct,periodic8_correct,periodic8_accuracy_pct,adaptive_minus_base_pp,adaptive_minus_warmup_pp,adaptive_minus_oracle_pp,oracle_minus_warmup_pp
1p5b_countdown,1p5b,countdown,2048,214,10.44921875,243,11.865234375,209,10.205078125,207,10.107421875,194,9.47265625,210,10.25390625,-0.341796875,-1.7578125,-0.09765625,-1.66015625
1p5b_svamp,1p5b,svamp,300,262,87.33333333333333,250,83.33333333333334,252,84.0,252,84.0,254,84.66666666666667,253,84.33333333333334,-3.3333333333333326,0.6666666666666599,0.0,0.6666666666666599
1p5b_aqua,1p5b,aqua,254,141,55.51181102362205,143,56.2992125984252,141,55.51181102362205,137,53.937007874015755,139,54.7244094488189,135,53.14960629921261,-1.5748031496062964,-2.3622047244094446,-1.5748031496062964,-0.7874015748031482
1p5b_gsm8k,1p5b,gsm8k,1319,964,73.08567096285064,979,74.22289613343442,984,74.60197119029569,969,73.4647460197119,973,73.76800606520091,970,73.54056103108415,0.37907505686125553,-0.7581501137225222,-1.1372251705837777,0.37907505686125553
1p5b_math,1p5b,math,500,280,56.00000000000001,283,56.599999999999994,283,56.599999999999994,286,57.199999999999996,281,56.2,278,55.60000000000001,1.19999999999999,0.6000000000000005,0.6000000000000005,0.0
1p5b_arc_easy,1p5b,arc_easy,2376,2077,87.41582491582491,2092,88.04713804713805,2101,88.42592592592592,2100,88.38383838383838,2090,87.96296296296296,2094,88.13131313131312,0.9680134680134733,0.33670033670033517,-0.042087542087543284,0.37878787878787845
1p5b_arc_challenge,1p5b,arc_challenge,1172,863,73.63481228668942,855,72.95221843003414,859,73.29351535836177,858,73.20819112627987,854,72.86689419795222,855,72.95221843003414,-0.4266211604095571,0.25597269624573205,-0.08532423208190698,0.341296928327639
1p5b_openbookqa,1p5b,openbookqa,500,368,73.6,381,76.2,390,78.0,387,77.4,384,76.8,381,76.2,3.8000000000000034,1.200000000000001,-0.6000000000000005,1.8000000000000016
1p5b_boolq,1p5b,boolq,3270,2545,77.82874617737004,2583,78.9908256880734,2578,78.83792048929664,2584,79.02140672782875,2580,78.89908256880734,2580,78.89908256880734,1.1926605504587129,0.03058103975535076,0.18348623853211565,-0.1529051987767649
7b_countdown,7b,countdown,2048,766,37.40234375,762,37.20703125,758,37.01171875,756,36.9140625,763,37.255859375,755,36.865234375,-0.48828125,-0.29296875,-0.09765625,-0.1953125
7b_gsm8k,7b,gsm8k,1319,1209,91.66034874905232,1207,91.50871872630782,1206,91.43290371493555,1214,92.03942380591357,1213,91.96360879454132,1207,91.50871872630782,0.37907505686125553,0.5307050796057533,0.6065200909780133,-0.07581501137225999
7b_aqua,7b,aqua,254,196,77.16535433070865,196,77.16535433070865,195,76.77165354330708,203,79.92125984251969,207,81.49606299212599,199,78.34645669291339,2.75590551181103,2.75590551181103,3.149606299212604,-0.3937007874015741
7b_arc_challenge,7b,arc_challenge,1172,1058,90.27303754266211,1054,89.93174061433447,1053,89.84641638225256,1055,90.01706484641639,1053,89.84641638225256,1053,89.84641638225256,-0.25597269624573205,0.08532423208191808,0.17064846416382506,-0.08532423208190698
