model,task,tag,adapter,steps,lr,dev_ce,n,correct,accuracy,strict_accuracy,limit_hits,mean_tokens,seconds,legacy_correct,legacy_accuracy,literal_option_text_count
1p5b,aqua,aqua__base,,0,0,1.4260206651075085,128,72,0.5625,0.390625,16,638.734375,47.408894538879395,50,0.390625,24
1p5b,aqua,aqua__w3e-06__s8,scaling_domains_20260930/models/1p5b_aqua/warmup_lr3e-06_s101/step-8,8,3e-06,1.4256862665117964,128,68,0.53125,0.3515625,13,598.796875,72.82630157470703,45,0.3515625,29
1p5b,aqua,aqua__w3e-06__s32,scaling_domains_20260930/models/1p5b_aqua/warmup_lr3e-06_s101/step-32,32,3e-06,1.4253643880130744,128,74,0.578125,0.3828125,12,578.234375,72.68262124061584,49,0.3828125,31
1p5b,aqua,aqua__w1e-05__s8,scaling_domains_20260930/models/1p5b_aqua/warmup_lr1e-05_s101/step-8,8,1e-05,1.4245549592458213,128,72,0.5625,0.359375,17,634.8828125,72.66820240020752,46,0.359375,28
1p5b,aqua,aqua__w1e-05__s32,scaling_domains_20260930/models/1p5b_aqua/warmup_lr1e-05_s101/step-32,32,1e-05,1.420075865849676,128,70,0.546875,0.34375,13,596.1796875,73.85455918312073,44,0.34375,34
1p5b,aqua,aqua__w5e-05__s8,scaling_domains_20260930/models/1p5b_aqua/warmup_lr5e-05_s101/step-8,8,5e-05,1.4186817727894652,128,70,0.546875,0.375,16,615.890625,76.59094858169556,48,0.375,27
1p5b,aqua,aqua__w5e-05__s32,scaling_domains_20260930/models/1p5b_aqua/warmup_lr5e-05_s101/step-32,32,5e-05,1.3788864323037415,128,70,0.546875,0.34375,14,617.4921875,76.35246467590332,44,0.34375,31
1p5b,aqua,aqua__w0.0001__s8,scaling_domains_20260930/models/1p5b_aqua/warmup_lr0.0001_s101/step-8,8,0.0001,1.4103887384705864,128,74,0.578125,0.359375,13,587.5546875,76.45824146270752,46,0.359375,32
1p5b,aqua,aqua__w0.0001__s32,scaling_domains_20260930/models/1p5b_aqua/warmup_lr0.0001_s101/step-32,32,0.0001,1.2801008712515058,128,64,0.5,0.328125,14,583.71875,78.7112672328949,42,0.328125,27
1p5b,aqua,aqua__w0.0005__s8,scaling_domains_20260930/models/1p5b_aqua/warmup_lr0.0005_s101/step-8,8,0.0005,1.2828006529760927,128,69,0.5390625,0.359375,15,596.59375,75.80591487884521,46,0.359375,29
1p5b,aqua,aqua__w0.0005__s32,scaling_domains_20260930/models/1p5b_aqua/warmup_lr0.0005_s101/step-32,32,0.0005,1.1197964140313417,128,46,0.359375,0.359375,15,327.5234375,77.15372943878174,46,0.359375,0
1p5b,arc_challenge,arc_challenge__base,,0,0,0.2164618913520826,128,103,0.8046875,0.78125,0,6.09375,0.4436163902282715,100,0.78125,3
1p5b,arc_challenge,arc_challenge__w3e-06__s8,scaling_domains_20260930/models/1p5b_arc_challenge/warmup_lr3e-06_s101/step-8,8,3e-06,0.21831646972714225,128,103,0.8046875,0.7890625,0,6.0546875,0.6367545127868652,101,0.7890625,2
1p5b,arc_challenge,arc_challenge__w3e-06__s32,scaling_domains_20260930/models/1p5b_arc_challenge/warmup_lr3e-06_s101/step-32,32,3e-06,0.212212366554013,128,103,0.8046875,0.7890625,0,6.0546875,0.6221206188201904,101,0.7890625,2
1p5b,arc_challenge,arc_challenge__w1e-05__s8,scaling_domains_20260930/models/1p5b_arc_challenge/warmup_lr1e-05_s101/step-8,8,1e-05,0.2140535127109615,128,103,0.8046875,0.7890625,0,6.0546875,0.6303448677062988,101,0.7890625,2
1p5b,arc_challenge,arc_challenge__w1e-05__s32,scaling_domains_20260930/models/1p5b_arc_challenge/warmup_lr1e-05_s101/step-32,32,1e-05,0.20712617935350863,128,103,0.8046875,0.7890625,0,6.0546875,0.6203603744506836,101,0.7890625,2
1p5b,arc_challenge,arc_challenge__w5e-05__s8,scaling_domains_20260930/models/1p5b_arc_challenge/warmup_lr5e-05_s101/step-8,8,5e-05,0.2066289771682932,128,103,0.8046875,0.796875,0,6.0625,0.6350998878479004,102,0.796875,1
1p5b,arc_challenge,arc_challenge__w5e-05__s32,scaling_domains_20260930/models/1p5b_arc_challenge/warmup_lr5e-05_s101/step-32,32,5e-05,0.18314696876404923,128,102,0.796875,0.796875,0,6.0,0.41999077796936035,102,0.796875,0
1p5b,arc_challenge,arc_challenge__w0.0001__s8,scaling_domains_20260930/models/1p5b_arc_challenge/warmup_lr0.0001_s101/step-8,8,0.0001,0.19805280628497712,128,103,0.8046875,0.8046875,0,6.0,0.39197421073913574,103,0.8046875,0
1p5b,arc_challenge,arc_challenge__w0.0001__s32,scaling_domains_20260930/models/1p5b_arc_challenge/warmup_lr0.0001_s101/step-32,32,0.0001,0.14870481551770354,128,103,0.8046875,0.8046875,0,6.0,0.38865232467651367,103,0.8046875,0
1p5b,arc_challenge,arc_challenge__w0.0005__s8,scaling_domains_20260930/models/1p5b_arc_challenge/warmup_lr0.0005_s101/step-8,8,0.0005,0.14440784046018962,128,103,0.8046875,0.8046875,0,6.0,0.40611863136291504,103,0.8046875,0
1p5b,arc_challenge,arc_challenge__w0.0005__s32,scaling_domains_20260930/models/1p5b_arc_challenge/warmup_lr0.0005_s101/step-32,32,0.0005,0.11289968434721231,128,100,0.78125,0.78125,0,6.0,0.3922595977783203,100,0.78125,0
1p5b,arc_easy,arc_easy__base,,0,0,0.1876547865831526,128,109,0.8515625,0.796875,0,6.0703125,0.3521859645843506,102,0.796875,9
1p5b,arc_easy,arc_easy__w3e-06__s8,scaling_domains_20260930/models/1p5b_arc_easy/warmup_lr3e-06_s101/step-8,8,3e-06,0.18396676726115402,128,110,0.859375,0.8125,0,6.0625,0.538325309753418,104,0.8125,8
1p5b,arc_easy,arc_easy__w3e-06__s32,scaling_domains_20260930/models/1p5b_arc_easy/warmup_lr3e-06_s101/step-32,32,3e-06,0.1805027638329193,128,110,0.859375,0.8125,0,6.0625,0.5517873764038086,104,0.8125,8
1p5b,arc_easy,arc_easy__w1e-05__s8,scaling_domains_20260930/models/1p5b_arc_easy/warmup_lr1e-05_s101/step-8,8,1e-05,0.18239992328744847,128,110,0.859375,0.8046875,0,6.0859375,0.5830037593841553,103,0.8046875,9
1p5b,arc_easy,arc_easy__w1e-05__s32,scaling_domains_20260930/models/1p5b_arc_easy/warmup_lr1e-05_s101/step-32,32,1e-05,0.1737694838520838,128,109,0.8515625,0.8125,0,6.0625,0.5249323844909668,104,0.8125,6
1p5b,arc_easy,arc_easy__w5e-05__s8,scaling_domains_20260930/models/1p5b_arc_easy/warmup_lr5e-05_s101/step-8,8,5e-05,0.17387324234005064,128,109,0.8515625,0.8203125,0,6.0703125,0.5642974376678467,105,0.8203125,5
1p5b,arc_easy,arc_easy__w5e-05__s32,scaling_domains_20260930/models/1p5b_arc_easy/warmup_lr5e-05_s101/step-32,32,5e-05,0.15742194219637895,128,108,0.84375,0.84375,0,6.0234375,0.47189831733703613,108,0.84375,1
1p5b,arc_easy,arc_easy__w0.0001__s8,scaling_domains_20260930/models/1p5b_arc_easy/warmup_lr0.0001_s101/step-8,8,0.0001,0.1651218546248856,128,110,0.859375,0.8515625,0,6.0546875,0.5221543312072754,109,0.8515625,2
1p5b,arc_easy,arc_easy__w0.0001__s32,scaling_domains_20260930/models/1p5b_arc_easy/warmup_lr0.0001_s101/step-32,32,0.0001,0.1422437969049497,128,108,0.84375,0.84375,0,6.0,0.4334707260131836,108,0.84375,0
1p5b,arc_easy,arc_easy__w0.0005__s8,scaling_domains_20260930/models/1p5b_arc_easy/warmup_lr0.0005_s101/step-8,8,0.0005,0.1416903644121703,128,108,0.84375,0.84375,0,6.0,0.43997812271118164,108,0.84375,0
1p5b,arc_easy,arc_easy__w0.0005__s32,scaling_domains_20260930/models/1p5b_arc_easy/warmup_lr0.0005_s101/step-32,32,0.0005,0.09350034525778028,128,109,0.8515625,0.8515625,0,6.0,0.39121484756469727,109,0.8515625,0
1p5b,boolq,boolq__base,,0,0,1.5857711434364319,128,103,0.8046875,0.0,0,2.0,0.28058743476867676,103,0.8046875,0
1p5b,boolq,boolq__w3e-06__s8,scaling_domains_20260930/models/1p5b_boolq/warmup_lr3e-06_s101/step-8,8,3e-06,1.5754560036584735,128,103,0.8046875,0.0,0,2.0,0.37062954902648926,103,0.8046875,0
1p5b,boolq,boolq__w3e-06__s32,scaling_domains_20260930/models/1p5b_boolq/warmup_lr3e-06_s101/step-32,32,3e-06,1.517395188100636,128,103,0.8046875,0.0,0,2.0,0.3862149715423584,103,0.8046875,0
1p5b,boolq,boolq__w1e-05__s8,scaling_domains_20260930/models/1p5b_boolq/warmup_lr1e-05_s101/step-8,8,1e-05,1.5468241134658456,128,103,0.8046875,0.0,0,2.0,0.3799569606781006,103,0.8046875,0
1p5b,boolq,boolq__w1e-05__s32,scaling_domains_20260930/models/1p5b_boolq/warmup_lr1e-05_s101/step-32,32,1e-05,1.38295959495008,128,103,0.8046875,0.0,0,2.0,0.37662672996520996,103,0.8046875,0
1p5b,boolq,boolq__w5e-05__s8,scaling_domains_20260930/models/1p5b_boolq/warmup_lr5e-05_s101/step-8,8,5e-05,1.3482654420658946,128,103,0.8046875,0.0,0,2.0,0.3890366554260254,103,0.8046875,0
1p5b,boolq,boolq__w5e-05__s32,scaling_domains_20260930/models/1p5b_boolq/warmup_lr5e-05_s101/step-32,32,5e-05,0.38434487394988537,128,106,0.828125,0.671875,0,5.390625,0.5724999904632568,104,0.8125,0
1p5b,boolq,boolq__w0.0001__s8,scaling_domains_20260930/models/1p5b_boolq/warmup_lr0.0001_s101/step-8,8,0.0001,1.0805750088766217,128,102,0.796875,0.0078125,0,2.03125,0.5039994716644287,102,0.796875,0
1p5b,boolq,boolq__w0.0001__s32,scaling_domains_20260930/models/1p5b_boolq/warmup_lr0.0001_s101/step-32,32,0.0001,0.0966352842260676,128,105,0.8203125,0.8125,0,6.0,0.5248970985412598,104,0.8125,0
1p5b,boolq,boolq__w0.0005__s8,scaling_domains_20260930/models/1p5b_boolq/warmup_lr0.0005_s101/step-8,8,0.0005,0.1054777991885203,128,106,0.828125,0.8203125,0,6.0,0.5236408710479736,105,0.8203125,0
1p5b,boolq,boolq__w0.0005__s32,scaling_domains_20260930/models/1p5b_boolq/warmup_lr0.0005_s101/step-32,32,0.0005,0.061457412512027076,128,103,0.8046875,0.8046875,0,6.0,0.5605251789093018,103,0.8046875,0
1p5b,countdown,countdown__base,,0,0,1.4016504912368053,128,12,0.09375,0.09375,94,1621.6640625,49.45391845703125,12,0.09375,0
1p5b,countdown,countdown__w3e-06__s8,scaling_domains_20260930/models/1p5b_countdown/warmup_lr3e-06_s101/step-8,8,3e-06,1.4017114603651661,128,11,0.0859375,0.0859375,101,1717.21875,75.43438363075256,11,0.0859375,0
1p5b,countdown,countdown__w3e-06__s32,scaling_domains_20260930/models/1p5b_countdown/warmup_lr3e-06_s101/step-32,32,3e-06,1.399966666243331,128,17,0.1328125,0.1328125,92,1590.7109375,75.78837442398071,17,0.1328125,0
1p5b,countdown,countdown__w1e-05__s8,scaling_domains_20260930/models/1p5b_countdown/warmup_lr1e-05_s101/step-8,8,1e-05,1.4012708506664893,128,8,0.0625,0.0625,104,1738.28125,75.67896223068237,8,0.0625,0
1p5b,countdown,countdown__w1e-05__s32,scaling_domains_20260930/models/1p5b_countdown/warmup_lr1e-05_s101/step-32,32,1e-05,1.3886196927166932,128,13,0.1015625,0.1015625,95,1632.921875,76.07744669914246,13,0.1015625,0
1p5b,countdown,countdown__w5e-05__s8,scaling_domains_20260930/models/1p5b_countdown/warmup_lr5e-05_s101/step-8,8,5e-05,1.3851479986711892,128,13,0.1015625,0.1015625,88,1551.1640625,77.67677974700928,13,0.1015625,0
1p5b,countdown,countdown__w5e-05__s32,scaling_domains_20260930/models/1p5b_countdown/warmup_lr5e-05_s101/step-32,32,5e-05,1.293056855532974,128,13,0.1015625,0.1015625,91,1594.8828125,77.7568416595459,13,0.1015625,0
1p5b,countdown,countdown__w0.0001__s8,scaling_domains_20260930/models/1p5b_countdown/warmup_lr0.0001_s101/step-8,8,0.0001,1.3662272925691443,128,10,0.078125,0.078125,96,1661.1328125,78.93490076065063,10,0.078125,0
1p5b,countdown,countdown__w0.0001__s32,scaling_domains_20260930/models/1p5b_countdown/warmup_lr0.0001_s101/step-32,32,0.0001,1.0837572415948122,128,11,0.0859375,0.0859375,89,1565.2109375,76.16183161735535,11,0.0859375,0
1p5b,countdown,countdown__w0.0005__s8,scaling_domains_20260930/models/1p5b_countdown/warmup_lr0.0005_s101/step-8,8,0.0005,1.094226881752081,128,12,0.09375,0.09375,95,1629.4921875,75.77414584159851,12,0.09375,0
1p5b,countdown,countdown__w0.0005__s32,scaling_domains_20260930/models/1p5b_countdown/warmup_lr0.0005_s101/step-32,32,0.0005,0.17598564253518684,128,7,0.0546875,0.0546875,6,185.9765625,74.92550849914551,7,0.0546875,0
1p5b,gsm8k,gsm8k__base,,0,0,0.540943027476871,128,109,0.8515625,0.828125,0,282.640625,16.126732349395752,109,0.8515625,0
1p5b,gsm8k,gsm8k__w3e-06__s8,scaling_domains_20260930/models/1p5b_gsm8k/warmup_lr3e-06_s101/step-8,8,3e-06,0.540961649203785,128,110,0.859375,0.8515625,1,297.609375,76.11859011650085,110,0.859375,0
1p5b,gsm8k,gsm8k__w3e-06__s32,scaling_domains_20260930/models/1p5b_gsm8k/warmup_lr3e-06_s101/step-32,32,3e-06,0.5402701334496322,128,107,0.8359375,0.8203125,0,282.40625,27.72492027282715,107,0.8359375,0
1p5b,gsm8k,gsm8k__w1e-05__s8,scaling_domains_20260930/models/1p5b_gsm8k/warmup_lr1e-05_s101/step-8,8,1e-05,0.5403502530128358,128,111,0.8671875,0.859375,0,284.8125,27.63860297203064,111,0.8671875,0
1p5b,gsm8k,gsm8k__w1e-05__s32,scaling_domains_20260930/models/1p5b_gsm8k/warmup_lr1e-05_s101/step-32,32,1e-05,0.5377183276165257,128,111,0.8671875,0.859375,0,282.9140625,27.76393699645996,111,0.8671875,0
1p5b,gsm8k,gsm8k__w5e-05__s8,scaling_domains_20260930/models/1p5b_gsm8k/warmup_lr5e-05_s101/step-8,8,5e-05,0.5367668943970993,128,110,0.859375,0.8359375,0,283.375,26.965543746948242,110,0.859375,0
1p5b,gsm8k,gsm8k__w5e-05__s32,scaling_domains_20260930/models/1p5b_gsm8k/warmup_lr5e-05_s101/step-32,32,5e-05,0.5110808158933327,128,108,0.84375,0.703125,0,266.9296875,22.768284559249878,108,0.84375,0
1p5b,gsm8k,gsm8k__w0.0001__s8,scaling_domains_20260930/models/1p5b_gsm8k/warmup_lr0.0001_s101/step-8,8,0.0001,0.5309465298616758,128,110,0.859375,0.8125,0,279.0625,26.079939126968384,110,0.859375,0
1p5b,gsm8k,gsm8k__w0.0001__s32,scaling_domains_20260930/models/1p5b_gsm8k/warmup_lr0.0001_s101/step-32,32,0.0001,0.4746644945503419,128,97,0.7578125,0.5859375,1,198.640625,74.35991096496582,97,0.7578125,0
1p5b,gsm8k,gsm8k__w0.0005__s8,scaling_domains_20260930/models/1p5b_gsm8k/warmup_lr0.0005_s101/step-8,8,0.0005,0.4737179139251677,128,94,0.734375,0.546875,1,179.34375,75.8199462890625,94,0.734375,0
1p5b,gsm8k,gsm8k__w0.0005__s32,scaling_domains_20260930/models/1p5b_gsm8k/warmup_lr0.0005_s101/step-32,32,0.0005,0.38090921839644454,128,89,0.6953125,0.6953125,1,122.2109375,75.74139499664307,89,0.6953125,0
1p5b,math,math__base,,0,0,0.6460878358626663,128,74,0.578125,0.578125,10,663.140625,49.63864707946777,74,0.578125,0
1p5b,math,math__w3e-06__s8,scaling_domains_20260930/models/1p5b_math/warmup_lr3e-06_s101/step-8,8,3e-06,0.6460833438556436,128,76,0.59375,0.59375,6,611.359375,75.68934226036072,76,0.59375,0
1p5b,math,math__w3e-06__s32,scaling_domains_20260930/models/1p5b_math/warmup_lr3e-06_s101/step-32,32,3e-06,0.6459410619208303,128,74,0.578125,0.578125,8,636.2890625,75.60375094413757,74,0.578125,0
1p5b,math,math__w1e-05__s8,scaling_domains_20260930/models/1p5b_math/warmup_lr1e-05_s101/step-8,8,1e-05,0.6459425606353338,128,75,0.5859375,0.578125,10,672.1875,76.54595375061035,75,0.5859375,0
1p5b,math,math__w1e-05__s32,scaling_domains_20260930/models/1p5b_math/warmup_lr1e-05_s101/step-32,32,1e-05,0.6445146849648357,128,73,0.5703125,0.5625,11,656.1953125,75.95873761177063,73,0.5703125,0
1p5b,math,math__w5e-05__s8,scaling_domains_20260930/models/1p5b_math/warmup_lr5e-05_s101/step-8,8,5e-05,0.644332360010964,128,73,0.5703125,0.5703125,10,664.765625,74.61150169372559,73,0.5703125,0
1p5b,math,math__w5e-05__s32,scaling_domains_20260930/models/1p5b_math/warmup_lr5e-05_s101/step-32,32,5e-05,0.6316779376597683,128,72,0.5625,0.5546875,11,630.9765625,75.10606789588928,72,0.5625,0
1p5b,math,math__w0.0001__s8,scaling_domains_20260930/models/1p5b_math/warmup_lr0.0001_s101/step-8,8,0.0001,0.641182059126521,128,69,0.5390625,0.5390625,11,675.640625,81.25326204299927,69,0.5390625,0
1p5b,math,math__w0.0001__s32,scaling_domains_20260930/models/1p5b_math/warmup_lr0.0001_s101/step-32,32,0.0001,0.622393035255605,128,40,0.3125,0.296875,10,325.4140625,84.03827929496765,40,0.3125,0
1p5b,math,math__w0.0005__s8,scaling_domains_20260930/models/1p5b_math/warmup_lr0.0005_s101/step-8,8,0.0005,0.6223938132035617,128,43,0.3359375,0.328125,11,326.609375,77.02323937416077,43,0.3359375,0
1p5b,math,math__w0.0005__s32,scaling_domains_20260930/models/1p5b_math/warmup_lr0.0005_s101/step-32,32,0.0005,0.6147013874036713,128,40,0.3125,0.2734375,16,416.8671875,76.09458494186401,40,0.3125,0
1p5b,openbookqa,openbookqa__base,,0,0,0.2174067501036916,128,95,0.7421875,0.734375,0,5.984375,0.23595499992370605,94,0.734375,1
1p5b,openbookqa,openbookqa__w3e-06__s8,scaling_domains_20260930/models/1p5b_openbookqa/warmup_lr3e-06_s101/step-8,8,3e-06,0.21529626364645083,128,94,0.734375,0.734375,0,6.0,0.34076547622680664,94,0.734375,0
1p5b,openbookqa,openbookqa__w3e-06__s32,scaling_domains_20260930/models/1p5b_openbookqa/warmup_lr3e-06_s101/step-32,32,3e-06,0.21639559560571797,128,94,0.734375,0.7265625,0,6.0078125,0.4107472896575928,93,0.7265625,1
1p5b,openbookqa,openbookqa__w1e-05__s8,scaling_domains_20260930/models/1p5b_openbookqa/warmup_lr1e-05_s101/step-8,8,1e-05,0.21375065087340772,128,94,0.734375,0.734375,0,6.0,0.35275793075561523,94,0.734375,0
1p5b,openbookqa,openbookqa__w1e-05__s32,scaling_domains_20260930/models/1p5b_openbookqa/warmup_lr1e-05_s101/step-32,32,1e-05,0.20965277023788076,128,93,0.7265625,0.7265625,0,6.0,0.3977360725402832,93,0.7265625,0
1p5b,openbookqa,openbookqa__w5e-05__s8,scaling_domains_20260930/models/1p5b_openbookqa/warmup_lr5e-05_s101/step-8,8,5e-05,0.20945985542493872,128,93,0.7265625,0.7265625,0,6.0,0.3533358573913574,93,0.7265625,0
1p5b,openbookqa,openbookqa__w5e-05__s32,scaling_domains_20260930/models/1p5b_openbookqa/warmup_lr5e-05_s101/step-32,32,5e-05,0.18647679143759888,128,92,0.71875,0.71875,0,6.0,0.35696840286254883,92,0.71875,0
1p5b,openbookqa,openbookqa__w0.0001__s8,scaling_domains_20260930/models/1p5b_openbookqa/warmup_lr0.0001_s101/step-8,8,0.0001,0.20400454143236857,128,92,0.71875,0.71875,0,6.0,0.3845489025115967,92,0.71875,0
1p5b,openbookqa,openbookqa__w0.0001__s32,scaling_domains_20260930/models/1p5b_openbookqa/warmup_lr0.0001_s101/step-32,32,0.0001,0.14856929827510612,128,92,0.71875,0.71875,0,6.0,0.3692193031311035,92,0.71875,0
1p5b,openbookqa,openbookqa__w0.0005__s8,scaling_domains_20260930/models/1p5b_openbookqa/warmup_lr0.0005_s101/step-8,8,0.0005,0.1444580410097842,128,92,0.71875,0.71875,0,6.0,0.3721284866333008,92,0.71875,0
1p5b,openbookqa,openbookqa__w0.0005__s32,scaling_domains_20260930/models/1p5b_openbookqa/warmup_lr0.0005_s101/step-32,32,0.0005,0.10924955256632529,128,99,0.7734375,0.7734375,0,6.0,0.3884100914001465,99,0.7734375,0
1p5b,svamp,svamp__base,,0,0,1.7451466495094368,64,55,0.859375,0.65625,0,161.546875,9.57882308959961,55,0.859375,0
1p5b,svamp,svamp__w3e-06__s8,scaling_domains_20260930/models/1p5b_svamp/warmup_lr3e-06_s101/step-8,8,3e-06,1.7430317461027476,64,55,0.859375,0.640625,0,159.359375,16.440265655517578,55,0.859375,0
1p5b,svamp,svamp__w3e-06__s32,scaling_domains_20260930/models/1p5b_svamp/warmup_lr3e-06_s101/step-32,32,3e-06,1.7396243363886057,64,56,0.875,0.6875,0,164.375,13.967654943466187,56,0.875,0
1p5b,svamp,svamp__w1e-05__s8,scaling_domains_20260930/models/1p5b_svamp/warmup_lr1e-05_s101/step-8,8,1e-05,1.7367875224020548,64,57,0.890625,0.6875,0,163.953125,13.840296268463135,57,0.890625,0
1p5b,svamp,svamp__w1e-05__s32,scaling_domains_20260930/models/1p5b_svamp/warmup_lr1e-05_s101/step-32,32,1e-05,1.7058804804026118,64,53,0.828125,0.625,0,163.671875,12.954593896865845,53,0.828125,0
1p5b,svamp,svamp__w5e-05__s8,scaling_domains_20260930/models/1p5b_svamp/warmup_lr5e-05_s101/step-8,8,5e-05,1.6972501698326936,64,54,0.84375,0.65625,0,168.1875,14.040269613265991,54,0.84375,0
1p5b,svamp,svamp__w5e-05__s32,scaling_domains_20260930/models/1p5b_svamp/warmup_lr5e-05_s101/step-32,32,5e-05,1.5035237913279924,64,56,0.875,0.78125,0,176.265625,14.09555196762085,56,0.875,0
1p5b,svamp,svamp__w0.0001__s8,scaling_domains_20260930/models/1p5b_svamp/warmup_lr0.0001_s101/step-8,8,0.0001,1.6467307237401667,64,54,0.84375,0.6875,0,170.984375,15.287343978881836,54,0.84375,0
1p5b,svamp,svamp__w0.0001__s32,scaling_domains_20260930/models/1p5b_svamp/warmup_lr0.0001_s101/step-32,32,0.0001,1.2311203915133706,64,57,0.890625,0.75,0,165.765625,12.97313904762268,57,0.890625,0
1p5b,svamp,svamp__w0.0005__s8,scaling_domains_20260930/models/1p5b_svamp/warmup_lr0.0005_s101/step-8,8,0.0005,1.2465398809686081,64,58,0.90625,0.8125,0,179.046875,13.95647644996643,58,0.90625,0
1p5b,svamp,svamp__w0.0005__s32,scaling_domains_20260930/models/1p5b_svamp/warmup_lr0.0005_s101/step-32,32,0.0005,0.13953039452246543,64,41,0.640625,0.640625,1,58.875,71.22699928283691,41,0.640625,0
