model,task,condition,warmup_lr,warmup_steps,main_selected_warmup,method,update_lr,update_steps,start_correct,correct,n,accuracy,delta_from_start_pp,dev_ce,online_seconds,tag,adapter,adapter_sha256,development_source,development_sha256
1p5b,countdown,1p5b_countdown_sensitivity_w0,0,0,False,frozen,3e-05,32,12,14,128,0.109375,1.5625,1.349853448274883,3.39156479050871,1p5b_countdown_sensitivity_w0__frozen_lr3e-05_s101__step32,scaling_domains_20260930/models/1p5b_countdown_sensitivity_w0/frozen_lr3e-05_s101/step-32,06e8ecc4bd7e22077acde579f00fd3adecb883b02c6dc3e7005454cead848886,results/eval/warmup_closed_1p5b_countdown_sensitivity_w0/summary.json,b962145f0a6950b4907fefbdc6b79918dada8811a930de965d42836244cd9ad9
1p5b,countdown,1p5b_countdown_sensitivity_w0,0,0,False,oracle,3e-05,32,12,14,128,0.109375,1.5625,1.349225331897702,15.412004144745879,1p5b_countdown_sensitivity_w0__oracle_lr3e-05_s101__step32,scaling_domains_20260930/models/1p5b_countdown_sensitivity_w0/oracle_lr3e-05_s101/step-32,248ea701554e4451e6e621c56abde86ffa6ac72fc019523e610e74c704be40ae,results/eval/warmup_closed_1p5b_countdown_sensitivity_w0/summary.json,b962145f0a6950b4907fefbdc6b79918dada8811a930de965d42836244cd9ad9
1p5b,countdown,1p5b_countdown,3e-06,32,True,oracle,3e-05,32,17,15,128,0.1171875,-1.5625,1.3405020790077828,15.050168574089184,1p5b_countdown__oracle_lr3e-05_s101__step32,scaling_domains_20260930/models/1p5b_countdown/oracle_lr3e-05_s101/step-32,12bc756099a00eda3811f8eb5ecdea9aaa043284674ceebd3384a5125c431196,results/eval/update_dev_1p5b_countdown/summary.json,acd6dfe08148899e820c9cd057f5f052755867825931f3ccfee7cd82f8f12ead
1p5b,countdown,1p5b_countdown,3e-06,32,True,frozen,3e-05,32,17,8,128,0.0625,-7.03125,1.3411056056749173,2.8884030145127326,1p5b_countdown__frozen_lr3e-05_s101__step32,scaling_domains_20260930/models/1p5b_countdown/frozen_lr3e-05_s101/step-32,454e297e4d04b6096cfa19adf262f626bd285b35a06f4223cac2289db0ba98c9,results/eval/update_dev_1p5b_countdown/summary.json,acd6dfe08148899e820c9cd057f5f052755867825931f3ccfee7cd82f8f12ead
1p5b,countdown,1p5b_countdown_sensitivity_w5e-05,5e-05,32,False,frozen,3e-05,32,13,10,128,0.078125,-2.34375,1.1782100138438771,3.1908768196590245,1p5b_countdown_sensitivity_w5e-05__frozen_lr3e-05_s101__step32,scaling_domains_20260930/models/1p5b_countdown_sensitivity_w5e-05/frozen_lr3e-05_s101/step-32,da24a4a37b6372315e7ba3df8ffd117a6ac9de3a479aa18c0d8906c39a4c1cfe,results/eval/warmup_closed_1p5b_countdown_sensitivity_w5e-05/summary.json,5f1cf64968391367743f9a9c2b691852cf9cb940464fa2f7bcece606375aa3c3
1p5b,countdown,1p5b_countdown_sensitivity_w5e-05,5e-05,32,False,oracle,3e-05,32,13,13,128,0.1015625,0.0,1.1737340644863148,15.601899910368957,1p5b_countdown_sensitivity_w5e-05__oracle_lr3e-05_s101__step32,scaling_domains_20260930/models/1p5b_countdown_sensitivity_w5e-05/oracle_lr3e-05_s101/step-32,a4856ea62491c3b9c767fc63ac83338a8baff40329e2f1fc68c95b09a073f010,results/eval/warmup_closed_1p5b_countdown_sensitivity_w5e-05/summary.json,5f1cf64968391367743f9a9c2b691852cf9cb940464fa2f7bcece606375aa3c3
1p5b,countdown,1p5b_countdown_sensitivity_w0.0005,0.0005,32,False,frozen,3e-05,32,7,7,128,0.0546875,0.0,0.2865269859457879,3.180463151424192,1p5b_countdown_sensitivity_w0.0005__frozen_lr3e-05_s101__step32,scaling_domains_20260930/models/1p5b_countdown_sensitivity_w0.0005/frozen_lr3e-05_s101/step-32,db5c95bd5187963519180ebaa8e6e7be0db70ae93a92719a9c86737e6caa2d47,results/eval/warmup_closed_1p5b_countdown_sensitivity_w0.0005/summary.json,0086aec4ff507e559c20699c47dbeb3f59001fbd1eb5a3c2828fb1db160e2e8f
1p5b,countdown,1p5b_countdown_sensitivity_w0.0005,0.0005,32,False,oracle,3e-05,32,7,8,128,0.0625,0.78125,0.14354273244016572,15.442439047968946,1p5b_countdown_sensitivity_w0.0005__oracle_lr3e-05_s101__step32,scaling_domains_20260930/models/1p5b_countdown_sensitivity_w0.0005/oracle_lr3e-05_s101/step-32,e5b3ff6231dde2c8d1614f08ab5009d6ce9f75bc16ec1d0ec1d2352069b5f7de,results/eval/warmup_closed_1p5b_countdown_sensitivity_w0.0005/summary.json,0086aec4ff507e559c20699c47dbeb3f59001fbd1eb5a3c2828fb1db160e2e8f
1p5b,gsm8k,1p5b_gsm8k_sensitivity_w0,0,0,False,frozen,3e-06,32,109,113,128,0.8828125,3.125,0.5401723700678344,3.3115814530756325,1p5b_gsm8k_sensitivity_w0__frozen_lr3e-06_s101__step32,scaling_domains_20260930/models/1p5b_gsm8k_sensitivity_w0/frozen_lr3e-06_s101/step-32,79ed38da48dcdea58db15152e20318047ae946764ae3427c79498148524eaab5,results/eval/warmup_closed_1p5b_gsm8k_sensitivity_w0/summary.json,33019116468963b15929befb9e1637a839d26aebdbc1de1b83ab701842d50c03
1p5b,gsm8k,1p5b_gsm8k_sensitivity_w0,0,0,False,oracle,3e-06,32,109,111,128,0.8671875,1.5625,0.5407429974387236,15.44096719159279,1p5b_gsm8k_sensitivity_w0__oracle_lr3e-06_s101__step32,scaling_domains_20260930/models/1p5b_gsm8k_sensitivity_w0/oracle_lr3e-06_s101/step-32,961f5a261be60b37a626cfb77e34c95935043b7aeb14493aa2c8dc7f6891898b,results/eval/warmup_closed_1p5b_gsm8k_sensitivity_w0/summary.json,33019116468963b15929befb9e1637a839d26aebdbc1de1b83ab701842d50c03
1p5b,gsm8k,1p5b_gsm8k_sensitivity_w3e-06,3e-06,32,False,frozen,3e-06,32,107,112,128,0.875,3.90625,0.5391010981837313,3.4185641179792583,1p5b_gsm8k_sensitivity_w3e-06__frozen_lr3e-06_s101__step32,scaling_domains_20260930/models/1p5b_gsm8k_sensitivity_w3e-06/frozen_lr3e-06_s101/step-32,ff3ce382a071493f89dc2c8d3524f1818c25ad17edc0943fc3613e6c0c530524,results/eval/warmup_closed_1p5b_gsm8k_sensitivity_w3e-06/summary.json,a1fb221131c2090fa59f6ccb376d9e44d98992038743a3080aad847683beefca
1p5b,gsm8k,1p5b_gsm8k_sensitivity_w3e-06,3e-06,32,False,oracle,3e-06,32,107,112,128,0.875,3.90625,0.5391419894126487,15.608129137777723,1p5b_gsm8k_sensitivity_w3e-06__oracle_lr3e-06_s101__step32,scaling_domains_20260930/models/1p5b_gsm8k_sensitivity_w3e-06/oracle_lr3e-06_s101/step-32,d2530f014ac3c652d1220ccf75119f2a722b9ce6b09ae70eeb1c459b28ffff5d,results/eval/warmup_closed_1p5b_gsm8k_sensitivity_w3e-06/summary.json,a1fb221131c2090fa59f6ccb376d9e44d98992038743a3080aad847683beefca
1p5b,gsm8k,1p5b_gsm8k_sensitivity_w5e-05,5e-05,32,False,frozen,3e-06,32,108,107,128,0.8359375,-0.78125,0.5088999087025339,3.3556666207732633,1p5b_gsm8k_sensitivity_w5e-05__frozen_lr3e-06_s101__step32,scaling_domains_20260930/models/1p5b_gsm8k_sensitivity_w5e-05/frozen_lr3e-06_s101/step-32,a9476ed455e13ca73372d149c58103acdb5b25c5a6ea4e674a1fa976465956a7,results/eval/warmup_closed_1p5b_gsm8k_sensitivity_w5e-05/summary.json,98d66be6f0663818d6f9fd1971cffc04bb36e9b6b023cbbd5d3f99151ee25908
1p5b,gsm8k,1p5b_gsm8k_sensitivity_w5e-05,5e-05,32,False,oracle,3e-06,32,108,107,128,0.8359375,-0.78125,0.5090060305889322,14.857812184956856,1p5b_gsm8k_sensitivity_w5e-05__oracle_lr3e-06_s101__step32,scaling_domains_20260930/models/1p5b_gsm8k_sensitivity_w5e-05/oracle_lr3e-06_s101/step-32,2f7e056cf2ed271a441d2f5bfb6569ef93112b3284b192fe9fc7873f1248a308,results/eval/warmup_closed_1p5b_gsm8k_sensitivity_w5e-05/summary.json,98d66be6f0663818d6f9fd1971cffc04bb36e9b6b023cbbd5d3f99151ee25908
1p5b,gsm8k,1p5b_gsm8k_sensitivity_w0.0005,0.0005,32,False,frozen,3e-06,32,89,89,128,0.6953125,0.0,0.38030001886300685,3.4775286723161116,1p5b_gsm8k_sensitivity_w0.0005__frozen_lr3e-06_s101__step32,scaling_domains_20260930/models/1p5b_gsm8k_sensitivity_w0.0005/frozen_lr3e-06_s101/step-32,d9c5036b31f894e7d2cd37b2a19b541eaaa3df7bfb28dc1aed9b4d475c16b001,results/eval/warmup_closed_1p5b_gsm8k_sensitivity_w0.0005/summary.json,2a95c55fb50e4aa2ffbc3254d373a47ff643ff9bc70067d41229d0a8a114458e
1p5b,gsm8k,1p5b_gsm8k_sensitivity_w0.0005,0.0005,32,False,oracle,3e-06,32,89,89,128,0.6953125,0.0,0.3802704706117871,13.402833609026857,1p5b_gsm8k_sensitivity_w0.0005__oracle_lr3e-06_s101__step32,scaling_domains_20260930/models/1p5b_gsm8k_sensitivity_w0.0005/oracle_lr3e-06_s101/step-32,7bf20848d859c97b2a964044a7bb1eb9129eac10d84bfacb08651c0aa660d2bc,results/eval/warmup_closed_1p5b_gsm8k_sensitivity_w0.0005/summary.json,2a95c55fb50e4aa2ffbc3254d373a47ff643ff9bc70067d41229d0a8a114458e
1p5b,gsm8k,1p5b_gsm8k,1e-05,32,True,oracle,3e-06,32,111,112,128,0.875,0.78125,0.536245362349653,16.056183253065683,1p5b_gsm8k__oracle_lr3e-06_s101__step32,scaling_domains_20260930/models/1p5b_gsm8k/oracle_lr3e-06_s101/step-32,b4dea3e0e6b5ba7ab590fb32f6d4ae4e38f9eda4294a7cb074ded836e012556b,results/eval/update_dev_1p5b_gsm8k/summary.json,20a4464de66b694e3cb90054346dcabbd4a0cf7ea90a6810f6a14aacb2cdbd1e
1p5b,gsm8k,1p5b_gsm8k,1e-05,32,True,frozen,3e-06,32,111,113,128,0.8828125,1.5625,0.5358793360528826,3.255833236500621,1p5b_gsm8k__frozen_lr3e-06_s101__step32,scaling_domains_20260930/models/1p5b_gsm8k/frozen_lr3e-06_s101/step-32,5cc4fdd39546519c1e363c4b8d36b6ddee1f84fd51400d3216183528c37c9b1c,results/eval/update_dev_1p5b_gsm8k/summary.json,20a4464de66b694e3cb90054346dcabbd4a0cf7ea90a6810f6a14aacb2cdbd1e
1p5b,aqua,1p5b_aqua_sensitivity_w0,0,0,False,frozen,1e-05,32,72,74,128,0.578125,1.5625,1.4200042054587203,3.4372102678753436,1p5b_aqua_sensitivity_w0__frozen_lr1e-05_s101__step32,scaling_domains_20260930/models/1p5b_aqua_sensitivity_w0/frozen_lr1e-05_s101/step-32,bfdf7f900120c7e81f38bec98d69ce71037094b8482ac6af3538c20f6a385b9d,results/eval/warmup_closed_1p5b_aqua_sensitivity_w0/summary.json,636104dadfbe1e225e8d7c2c985a7d86e6e3ffef777e882fdc97fba7759dfbdd
1p5b,aqua,1p5b_aqua_sensitivity_w0,0,0,False,oracle,1e-05,32,72,68,128,0.53125,-3.125,1.4198786386152502,15.493190004955977,1p5b_aqua_sensitivity_w0__oracle_lr1e-05_s101__step32,scaling_domains_20260930/models/1p5b_aqua_sensitivity_w0/oracle_lr1e-05_s101/step-32,4100e3abdaeb5187dbf1dc4c5cc2d7675a99290429e9c01f9c974cda2ff331f7,results/eval/warmup_closed_1p5b_aqua_sensitivity_w0/summary.json,636104dadfbe1e225e8d7c2c985a7d86e6e3ffef777e882fdc97fba7759dfbdd
1p5b,aqua,1p5b_aqua_sensitivity_w3e-06,3e-06,32,False,frozen,1e-05,32,74,68,128,0.53125,-4.6875,1.4180275313585644,3.4482767019653693,1p5b_aqua_sensitivity_w3e-06__frozen_lr1e-05_s101__step32,scaling_domains_20260930/models/1p5b_aqua_sensitivity_w3e-06/frozen_lr1e-05_s101/step-32,1a7b160b3fc6d277ee12385bd0b946b3f93f7ef2d0b36970bb7c158eb6bda7c9,results/eval/warmup_closed_1p5b_aqua_sensitivity_w3e-06/summary.json,3baf68d7bc6209e21c5dc5e42108fbb6344a7a68987981bfdf2268e3767e4df8
1p5b,aqua,1p5b_aqua_sensitivity_w3e-06,3e-06,32,False,oracle,1e-05,32,74,67,128,0.5234375,-5.46875,1.4181261295857637,15.601797392242588,1p5b_aqua_sensitivity_w3e-06__oracle_lr1e-05_s101__step32,scaling_domains_20260930/models/1p5b_aqua_sensitivity_w3e-06/oracle_lr1e-05_s101/step-32,e06f42005a2d0d26540a3fc469c71644a2e8e67a447c3d21bb8807a0e8f18fde,results/eval/warmup_closed_1p5b_aqua_sensitivity_w3e-06/summary.json,3baf68d7bc6209e21c5dc5e42108fbb6344a7a68987981bfdf2268e3767e4df8
1p5b,aqua,1p5b_aqua_sensitivity_w5e-05,5e-05,32,False,frozen,1e-05,32,70,66,128,0.515625,-3.125,1.361505256493101,3.393649036763236,1p5b_aqua_sensitivity_w5e-05__frozen_lr1e-05_s101__step32,scaling_domains_20260930/models/1p5b_aqua_sensitivity_w5e-05/frozen_lr1e-05_s101/step-32,562bbe5df15b76a517f78b8d6d97b9ba1b40cf110b63b8db402159d6598eadc9,results/eval/warmup_closed_1p5b_aqua_sensitivity_w5e-05/summary.json,e8767efe7f8f9f89db78a63c599137b595b7fdb9beb2e3f232513267330ddf86
1p5b,aqua,1p5b_aqua_sensitivity_w5e-05,5e-05,32,False,oracle,1e-05,32,70,70,128,0.546875,0.0,1.3619332232494128,15.559392702649347,1p5b_aqua_sensitivity_w5e-05__oracle_lr1e-05_s101__step32,scaling_domains_20260930/models/1p5b_aqua_sensitivity_w5e-05/oracle_lr1e-05_s101/step-32,2a6758cc150ee64adc0f08ed37fc69363094c5d8b019996cb9b27664b682f768,results/eval/warmup_closed_1p5b_aqua_sensitivity_w5e-05/summary.json,e8767efe7f8f9f89db78a63c599137b595b7fdb9beb2e3f232513267330ddf86
1p5b,aqua,1p5b_aqua_sensitivity_w0.0005,0.0005,32,False,frozen,1e-05,32,46,50,128,0.390625,3.125,1.1152864219348422,3.444840671145357,1p5b_aqua_sensitivity_w0.0005__frozen_lr1e-05_s101__step32,scaling_domains_20260930/models/1p5b_aqua_sensitivity_w0.0005/frozen_lr1e-05_s101/step-32,8269d3c22ce49c0a54b927ccf669e6cffbde09506f3e33465012d0da628bc7e4,results/eval/warmup_closed_1p5b_aqua_sensitivity_w0.0005/summary.json,6f7146af7e4fff98083261e653d1c1d4601a38f673203b283c57073e04729fbc
1p5b,aqua,1p5b_aqua_sensitivity_w0.0005,0.0005,32,False,oracle,1e-05,32,46,47,128,0.3671875,0.78125,1.1150446876883506,15.544344606227241,1p5b_aqua_sensitivity_w0.0005__oracle_lr1e-05_s101__step32,scaling_domains_20260930/models/1p5b_aqua_sensitivity_w0.0005/oracle_lr1e-05_s101/step-32,9ba595b831455dabf4d70a9f524da785e096b7f733d3caec7abf65b6c96d0033,results/eval/warmup_closed_1p5b_aqua_sensitivity_w0.0005/summary.json,6f7146af7e4fff98083261e653d1c1d4601a38f673203b283c57073e04729fbc
1p5b,aqua,1p5b_aqua,0.0001,8,True,oracle,1e-05,32,74,75,128,0.5859375,0.78125,1.4009978684158664,15.344520838931203,1p5b_aqua__oracle_lr1e-05_s101__step32,scaling_domains_20260930/models/1p5b_aqua/oracle_lr1e-05_s101/step-32,b71d6084bca852a0b5d266a26e3caaddbafb19da5ba674bcce568acd82b2811a,results/eval/update_dev_1p5b_aqua/summary.json,eee0cee12b6a2fb9bfc678f38c8c12530d1db1d57ab2d37e2b1ab6d0ddf60da2
1p5b,aqua,1p5b_aqua,0.0001,8,True,frozen,1e-05,32,74,69,128,0.5390625,-3.90625,1.4007634533959414,3.042423928156495,1p5b_aqua__frozen_lr1e-05_s101__step32,scaling_domains_20260930/models/1p5b_aqua/frozen_lr1e-05_s101/step-32,82ff9ff043da8919275da7f51310fe081c8bc4a5d9194e5bf1176a7f7b645bd1,results/eval/update_dev_1p5b_aqua/summary.json,eee0cee12b6a2fb9bfc678f38c8c12530d1db1d57ab2d37e2b1ab6d0ddf60da2
