scoring,family,field,category,n,base_correct,mean_wrong_to_right,mean_right_to_wrong,delta_pp,every_seed_positive,seed43_correct,seed44_correct,seed45_correct,seed46_correct,seed47_correct,question_ci95_low,question_ci95_high,seed_question_ci95_low,seed_question_ci95_high
raw,teacher7_avg1234,type,Algebra,1187,913,92.8,78.6,1.1962931760741364,True,925,932,924,922,933,-0.7076663858466723,3.0834035383319294,-0.7750631844987363,3.167649536647009
raw,teacher7_avg1234,type,Counting & Probability,474,221,42.6,34.8,1.6455696202531647,True,234,230,229,227,224,-1.5189873417721516,4.852320675105485,-1.6877637130801686,5.063291139240507
raw,teacher7_avg1234,type,Geometry,479,229,28.6,35.8,-1.5031315240083507,False,219,217,225,231,217,-4.217118997912317,1.252609603340292,-4.551148225469729,1.544885177453027
raw,teacher7_avg1234,type,Intermediate Algebra,903,332,76.8,70.6,0.6866002214839424,False,332,334,341,343,341,-1.5725359911406425,2.9678848283499444,-1.6389811738648947,3.057032115171642
raw,teacher7_avg1234,type,Number Theory,540,251,67.2,51.4,2.925925925925926,True,265,266,265,265,273,-0.5185185185185185,6.4074074074074066,-0.5925925925925926,6.481481481481481
raw,teacher7_avg1234,type,Prealgebra,871,627,55.6,60.4,-0.5510907003444316,False,618,623,622,623,625,-2.7095292766934556,1.6532721010332954,-2.801377726750861,1.653272101033295
raw,teacher7_avg1234,type,Precalculus,546,221,50.2,42.0,1.5018315018315018,True,229,230,237,226,224,-1.538461538461538,4.5054945054945055,-1.7216117216117217,4.615384615384616
raw,teacher7_avg1234,level,Level 1,437,377,20.6,22.6,-0.4576659038901602,False,375,379,375,375,371,-2.974828375286042,2.013729977116705,-3.1121281464530894,2.242562929061785
raw,teacher7_avg1234,level,Level 2,894,672,68.8,55.4,1.4988814317673378,True,680,685,690,681,691,-0.6493288590604024,3.6465324384787468,-0.7158836689038032,3.78076062639821
raw,teacher7_avg1234,level,Level 3,1131,745,105.8,79.8,2.2988505747126435,True,767,768,781,770,769,0.21220159151193663,4.385499557913351,0.08841732979664013,4.473916887709991
raw,teacher7_avg1234,level,Level 4,1214,618,114.8,103.0,0.971993410214168,True,623,626,626,641,633,-1.087314662273476,3.0481878088962047,-1.1696869851729819,3.1630971993410215
raw,teacher7_avg1234,level,Level 5,1324,382,103.8,112.8,-0.6797583081570997,False,377,374,371,370,373,-2.56797583081571,1.2235649546827796,-2.70392749244713,1.283987915407855
raw,teacher7_expanded_avg1234,type,Algebra,1187,913,93.6,85.8,0.6571187868576243,False,923,912,920,925,924,-1.2973883740522327,2.611625947767481,-1.4658803706823926,2.729570345408593
raw,teacher7_expanded_avg1234,type,Counting & Probability,474,221,43.6,35.4,1.729957805907173,True,229,226,229,232,230,-1.4767932489451476,4.936708860759494,-1.5189873417721518,5.10548523206751
raw,teacher7_expanded_avg1234,type,Geometry,479,229,29.4,34.0,-0.9603340292275574,False,235,219,225,223,220,-3.6743215031315244,1.712943632567835,-4.008350730688935,2.0876826722338206
raw,teacher7_expanded_avg1234,type,Intermediate Algebra,903,332,76.8,71.6,0.5758582502768549,False,348,336,337,331,334,-1.661129568106312,2.901439645625692,-1.8161683277962348,2.945736434108527
raw,teacher7_expanded_avg1234,type,Number Theory,540,251,67.2,49.8,3.2222222222222223,True,271,267,266,273,265,-0.07407407407407406,6.555555555555554,-0.25925925925925924,6.703703703703703
raw,teacher7_expanded_avg1234,type,Prealgebra,871,627,59.6,65.8,-0.711825487944891,False,619,614,618,635,618,-2.893226176808267,1.5614236509758894,-3.0998851894374284,1.653272101033295
raw,teacher7_expanded_avg1234,type,Precalculus,546,221,46.4,42.8,0.6593406593406593,False,228,220,227,222,226,-2.197802197802198,3.5897435897435903,-2.490842490842491,3.626373626373627
raw,teacher7_expanded_avg1234,level,Level 1,437,377,23.6,23.2,0.09153318077803205,False,380,382,372,376,377,-2.6086956521739126,2.745995423340961,-2.8375286041189933,3.0205949656750573
raw,teacher7_expanded_avg1234,level,Level 2,894,672,67.2,59.6,0.8501118568232663,False,689,669,679,680,681,-1.2975391498881435,2.975391498881432,-1.4546979865771807,3.131991051454139
raw,teacher7_expanded_avg1234,level,Level 3,1131,745,106.4,82.0,2.1573828470380194,True,774,753,770,785,765,0.10610079575596827,4.226790450928376,-0.14146772767462423,4.385499557913351
raw,teacher7_expanded_avg1234,level,Level 4,1214,618,114.8,114.8,0.0,False,633,616,619,617,605,-2.125205930807249,2.075782537067546,-2.2899505766062602,2.2244645799011473
raw,teacher7_expanded_avg1234,level,Level 5,1324,382,104.6,105.6,-0.0755287009063444,False,377,374,382,383,389,-1.9486404833836857,1.7522658610271902,-2.069486404833837,1.8731117824773416
raw,teacher7_epoch4,type,Algebra,1187,913,96.8,79.8,1.4321819713563606,True,934,939,925,916,936,-0.45492839090143206,3.285593934288121,-0.7076663858466723,3.5383319292333613
raw,teacher7_epoch4,type,Counting & Probability,474,221,40.8,35.6,1.0970464135021099,False,225,230,227,229,220,-2.025316455696203,4.261603375527426,-2.237341772151898,4.430379746835443
raw,teacher7_epoch4,type,Geometry,479,229,29.2,37.6,-1.753653444676409,False,222,215,218,226,222,-4.4676409185803765,1.002087682672234,-4.718162839248434,1.1701461377870412
raw,teacher7_epoch4,type,Intermediate Algebra,903,332,79.6,76.2,0.37652270210409744,False,342,334,335,323,343,-1.9490586932447393,2.7242524916943522,-2.104097452934662,2.9014396456256923
raw,teacher7_epoch4,type,Number Theory,540,251,69.2,57.2,2.2222222222222223,True,274,253,269,258,261,-1.2962962962962963,5.7407407407407405,-1.5555555555555556,6.074074074074074
raw,teacher7_epoch4,type,Prealgebra,871,627,58.6,72.6,-1.6073478760045925,False,618,614,614,612,607,-3.880597014925373,0.6659012629161883,-4.018369690011482,0.711825487944891
raw,teacher7_epoch4,type,Precalculus,546,221,47.2,44.8,0.43956043956043955,False,220,223,228,223,223,-2.490842490842491,3.370879120879108,-2.673992673992674,3.47985347985348
raw,teacher7_epoch4,level,Level 1,437,377,25.0,25.8,-0.1830663615560641,False,377,377,379,375,373,-2.9748283752860414,2.5629290617848968,-3.0663615560640736,2.745995423340961
raw,teacher7_epoch4,level,Level 2,894,672,63.2,61.4,0.20134228187919465,False,678,672,674,676,669,-1.8791946308724832,2.3042505592841165,-1.9686800894854588,2.3937360178970915
raw,teacher7_epoch4,level,Level 3,1131,745,107.4,92.4,1.3262599469496021,False,769,755,767,745,764,-0.7603890362511052,3.50132625994695,-1.0079575596816976,3.6251105216622457
raw,teacher7_epoch4,level,Level 4,1214,618,119.6,112.0,0.6260296540362438,False,636,628,613,627,624,-1.4995881383855025,2.767710049423393,-1.6639209225700164,2.8500823723228996
raw,teacher7_epoch4,level,Level 5,1324,382,106.2,112.2,-0.4531722054380665,False,375,376,383,364,382,-2.29607250755287,1.3897280966767371,-2.492447129909366,1.555891238670695
raw,teacher7_expanded_epoch4,type,Algebra,1187,913,96.4,83.8,1.0614995787700083,True,924,927,927,926,924,-0.8424599831508003,2.9486099410278013,-0.9604043807919124,3.0497051390058973
raw,teacher7_expanded_epoch4,type,Counting & Probability,474,221,41.0,39.0,0.42194092827004215,False,232,228,216,224,215,-2.6160337552742616,3.375527426160337,-2.911392405063291,3.8396624472573837
raw,teacher7_expanded_epoch4,type,Geometry,479,229,35.2,44.2,-1.8789144050104383,False,215,222,220,227,216,-4.926931106471817,1.1273486430062631,-5.135699373695198,1.3778705636743214
raw,teacher7_expanded_epoch4,type,Intermediate Algebra,903,332,74.6,80.0,-0.5980066445182725,False,336,323,336,315,323,-2.7464008859357696,1.6168327796234772,-3.0343300110741973,1.8826135105204873
raw,teacher7_expanded_epoch4,type,Number Theory,540,251,69.0,47.0,4.074074074074074,True,278,280,262,274,271,0.9250000000000004,7.333333333333333,0.5555555555555556,7.666666666666666
raw,teacher7_expanded_epoch4,type,Prealgebra,871,627,58.0,68.0,-1.1481056257175661,False,617,625,615,618,610,-3.329506314580941,1.0562571756601606,-3.467278989667049,1.125717566016065
raw,teacher7_expanded_epoch4,type,Precalculus,546,221,49.8,49.2,0.10989010989010989,False,215,221,227,212,233,-2.8205128205128207,3.0402930402930406,-3.2600732600732605,3.4432234432234434
raw,teacher7_expanded_epoch4,level,Level 1,437,377,28.2,25.4,0.6407322654462242,False,374,384,381,380,380,-2.105263157894737,3.3409610983981692,-2.242562929061785,3.6155606407322654
raw,teacher7_expanded_epoch4,level,Level 2,894,672,68.8,63.6,0.5816554809843401,False,679,671,672,682,682,-1.5436241610738257,2.7298657718120727,-1.6778523489932886,2.8411633109619685
raw,teacher7_expanded_epoch4,level,Level 3,1131,745,103.0,91.6,1.0079575596816976,True,762,773,746,752,749,-0.9902740937223699,3.059681697612726,-1.237842617152962,3.2891246684350133
raw,teacher7_expanded_epoch4,level,Level 4,1214,618,114.0,116.4,-0.19769357495881384,False,604,626,623,614,611,-2.2570016474464576,1.8616144975288302,-2.4382207578253707,1.9934102141680394
raw,teacher7_expanded_epoch4,level,Level 5,1324,382,110.0,114.2,-0.31722054380664655,False,398,372,381,368,370,-2.1450151057401814,1.5407854984894258,-2.462235649546828,1.782477341389728
strict,teacher7_avg1234,type,Algebra,1187,907,97.6,77.8,1.6680707666385846,True,925,931,924,921,933,-0.2695871946082561,3.6225779275484413,-0.37068239258635216,3.6899747262005054
strict,teacher7_avg1234,type,Counting & Probability,474,221,42.4,34.8,1.6033755274261603,True,234,230,228,227,224,-1.561181434599156,4.81012658227848,-1.7721518987341773,5.0210970464135025
strict,teacher7_avg1234,type,Geometry,479,227,30.6,36.6,-1.2526096033402923,False,218,216,224,230,217,-4.008350730688936,1.5448851774530272,-4.3841336116910234,1.8789144050104383
strict,teacher7_avg1234,type,Intermediate Algebra,903,330,77.0,69.8,0.7973421926910298,True,331,332,340,343,340,-1.4396456256921373,3.0343300110741973,-1.5282392026578073,3.189368770764119
strict,teacher7_avg1234,type,Number Theory,540,250,66.2,51.0,2.814814814814815,True,264,264,263,262,273,-0.5555555555555558,6.222222222222222,-0.7037037037037037,6.333333333333334
strict,teacher7_avg1234,type,Prealgebra,871,620,62.4,59.8,0.2985074626865672,False,618,624,622,623,626,-1.951779563719862,2.548794489092996,-1.9977037887485647,2.5487944890929968
strict,teacher7_avg1234,type,Precalculus,546,219,52.0,42.0,1.8315018315018317,True,229,230,236,226,224,-1.2454212454212454,4.908424908424908,-1.4285714285714286,5.018315018315018
strict,teacher7_avg1234,level,Level 1,437,374,23.4,22.6,0.1830663615560641,False,375,379,374,375,371,-2.425629290617849,2.745995423340961,-2.608695652173913,3.0205949656750573
strict,teacher7_avg1234,level,Level 2,894,668,72.8,55.6,1.9239373601789709,True,680,685,689,681,691,-0.2908277404921701,4.093959731543624,-0.33557046979865773,4.250559284116331
strict,teacher7_avg1234,level,Level 3,1131,741,109.0,80.8,2.493368700265252,True,766,766,778,767,769,0.40671971706454463,4.615384615384616,0.2652519893899204,4.6861184792219275
strict,teacher7_avg1234,level,Level 4,1214,613,118.4,102.8,1.28500823723229,True,621,624,625,640,633,-0.8072487644151564,3.361202635914327,-0.8896210873146623,3.5420098846787478
strict,teacher7_avg1234,level,Level 5,1324,378,104.6,110.0,-0.40785498489425986,False,377,373,371,369,373,-2.281344410876133,1.4807401812688767,-2.401812688821752,1.540785498489426
strict,teacher7_expanded_avg1234,type,Algebra,1187,907,97.8,84.4,1.1288963774220724,True,923,912,919,925,923,-0.8593091828138163,3.100252737994945,-0.9776748104465034,3.235046335299073
strict,teacher7_expanded_avg1234,type,Counting & Probability,474,221,43.6,35.4,1.729957805907173,True,229,226,229,232,230,-1.4767932489451476,4.936708860759494,-1.5189873417721518,5.10548523206751
strict,teacher7_expanded_avg1234,type,Geometry,479,227,31.2,34.8,-0.7515657620041754,False,234,218,223,222,220,-3.5073068893528188,2.0876826722338206,-3.8413361169102296,2.3799582463465554
strict,teacher7_expanded_avg1234,type,Intermediate Algebra,903,330,76.8,71.6,0.5758582502768549,False,346,334,335,328,333,-1.6611295681063125,2.901439645625693,-1.7940199335548173,2.990033222591362
strict,teacher7_expanded_avg1234,type,Number Theory,540,250,66.8,49.4,3.2222222222222223,True,270,267,265,270,265,-0.07407407407407401,6.5194444444444315,-0.1851851851851852,6.666666666666667
strict,teacher7_expanded_avg1234,type,Prealgebra,871,620,66.4,65.8,0.06888633754305395,False,618,614,617,635,619,-2.2043628013777266,2.3650975889781862,-2.4110218140068884,2.5028702640642937
strict,teacher7_expanded_avg1234,type,Precalculus,546,219,47.0,42.0,0.9157509157509158,False,228,219,227,221,225,-1.9413919413919412,3.8095238095238098,-2.2344322344322345,3.9194139194139193
strict,teacher7_expanded_avg1234,level,Level 1,437,374,25.4,22.8,0.5949656750572082,False,379,381,371,376,376,-2.1064073226544617,3.2951945080091525,-2.334096109839817,3.5697940503432495
strict,teacher7_expanded_avg1234,level,Level 2,894,668,70.4,59.6,1.2080536912751678,False,688,668,677,680,681,-0.9843400447427294,3.3557046979865772,-1.1409395973154361,3.512304250559284
strict,teacher7_expanded_avg1234,level,Level 3,1131,741,110.4,82.8,2.440318302387268,True,773,753,769,782,766,0.3890362511052166,4.5269672855879755,0.17683465959328026,4.703801945181255
strict,teacher7_expanded_avg1234,level,Level 4,1214,613,119.0,114.8,0.34596375617792424,False,631,616,618,617,604,-1.8121911037891265,2.471581548599665,-1.943986820428336,2.5864909390444812
strict,teacher7_expanded_avg1234,level,Level 5,1324,378,104.4,103.4,0.0755287009063444,False,377,372,380,378,388,-1.782477341389728,1.888595166163137,-1.9037009063444106,1.9939577039274923
strict,teacher7_epoch4,type,Algebra,1187,907,101.6,78.6,1.9376579612468408,True,934,939,925,916,936,0.016849199663016016,3.808340353833187,-0.21903959561920808,4.043807919123841
strict,teacher7_epoch4,type,Counting & Probability,474,221,40.4,35.6,1.0126582278481013,False,225,229,226,229,220,-2.1107594936708853,4.177215189873417,-2.320675105485232,4.345991561181434
strict,teacher7_epoch4,type,Geometry,479,227,31.2,38.4,-1.5031315240083507,False,221,215,217,225,221,-4.342379958246346,1.294363256784969,-4.509394572025053,1.5031315240083507
strict,teacher7_epoch4,type,Intermediate Algebra,903,330,78.8,75.4,0.37652270210409744,False,340,332,332,320,343,-1.9269102990033222,2.7248062015503796,-2.104097452934662,2.9235880398671097
strict,teacher7_epoch4,type,Number Theory,540,250,68.6,56.8,2.185185185185185,True,274,252,267,256,260,-1.3333333333333333,5.703703703703704,-1.5925925925925926,6.074074074074074
strict,teacher7_epoch4,type,Prealgebra,871,620,65.6,72.6,-0.8036739380022963,False,618,614,615,611,607,-3.145809414466131,1.5614236509758896,-3.30654420206659,1.6303099885189436
strict,teacher7_epoch4,type,Precalculus,546,219,48.0,44.2,0.695970695970696,True,220,222,226,223,223,-2.197802197802198,3.6996336996337,-2.381868131868131,3.7362637362637363
strict,teacher7_epoch4,level,Level 1,437,374,27.0,25.2,0.41189931350114417,False,377,376,378,375,373,-2.425629290617849,3.203661327231121,-2.517162471395881,3.4324942791762014
strict,teacher7_epoch4,level,Level 2,894,668,66.8,61.6,0.5816554809843401,True,678,671,672,676,669,-1.543624161073826,2.7293064876957494,-1.6778523489932886,2.8187919463087248
strict,teacher7_epoch4,level,Level 3,1131,741,111.4,93.0,1.6268788682581785,True,768,755,766,745,763,-0.49557913351016786,3.8373121131741827,-0.7250221043324492,3.9261715296197996
strict,teacher7_epoch4,level,Level 4,1214,613,123.2,112.2,0.9060955518945634,False,635,626,612,624,623,-1.2355848434925867,3.0971993410214176,-1.4168039538714992,3.1630971993410215
strict,teacher7_epoch4,level,Level 5,1324,378,105.8,109.6,-0.28700906344410876,False,374,375,380,360,382,-2.1148036253776437,1.5256797583081574,-2.326283987915408,1.6918429003021147
strict,teacher7_expanded_epoch4,type,Algebra,1187,907,100.0,82.0,1.5164279696714407,True,923,925,927,926,924,-0.3875315922493684,3.420387531592249,-0.5391743892165122,3.5219039595619144
strict,teacher7_expanded_epoch4,type,Counting & Probability,474,221,40.8,39.2,0.33755274261603374,False,231,228,216,224,214,-2.70042194092827,3.2911392405063293,-2.9957805907173,3.7552742616033754
strict,teacher7_expanded_epoch4,type,Geometry,479,227,37.0,44.6,-1.5866388308977037,False,214,221,219,227,216,-4.676409185803757,1.5031315240083505,-4.926931106471817,1.753653444676409
strict,teacher7_expanded_epoch4,type,Intermediate Algebra,903,330,74.2,79.6,-0.5980066445182725,False,333,323,334,313,320,-2.7464008859357696,1.6389811738648947,-3.0343300110741973,1.8604651162790697
strict,teacher7_expanded_epoch4,type,Number Theory,540,250,67.8,46.2,4.0,True,276,279,262,271,270,0.8518518518518517,7.2592592592592595,0.5185185185185185,7.555555555555555
strict,teacher7_expanded_epoch4,type,Prealgebra,871,620,64.8,67.8,-0.3444316877152698,False,617,625,615,618,610,-2.6176808266360507,1.9288174512055105,-2.732491389207807,1.9747416762342134
strict,teacher7_expanded_epoch4,type,Precalculus,546,219,51.2,48.8,0.43956043956043955,False,214,221,227,212,233,-2.564102564102564,3.4065934065934065,-2.93040293040293,3.8095238095238098
strict,teacher7_expanded_epoch4,level,Level 1,437,374,30.6,24.8,1.3272311212814645,False,374,384,381,380,380,-1.4645308924485128,4.073226544622425,-1.6475972540045767,4.393592677345538
strict,teacher7_expanded_epoch4,level,Level 2,894,668,71.8,63.0,0.9843400447427294,True,678,671,672,682,681,-1.16331096196868,3.1543624161073827,-1.3199105145413872,3.2885906040268456
strict,teacher7_expanded_epoch4,level,Level 3,1131,741,106.4,92.8,1.202475685234306,True,758,772,746,749,748,-0.8134394341290893,3.2891246684350133,-1.0786914235190097,3.5371352785145826
strict,teacher7_expanded_epoch4,level,Level 4,1214,613,117.8,116.4,0.11532125205930809,False,602,625,622,613,610,-1.9769357495881386,2.191103789126853,-2.14168039538715,2.3558484349258646
strict,teacher7_expanded_epoch4,level,Level 5,1324,378,109.2,111.2,-0.1510574018126888,False,396,370,379,367,368,-1.9788519637462236,1.6771148036253722,-2.2658610271903323,1.918429003021148
