condition,predictor,seed,best_epoch,n,activation_cosine,activation_relative_l2,activation_norm_ratio,lora_cosine,lora_relative_l2,lora_norm_ratio,batch_lora_cosine,batch_lora_relative_l2,batch_lora_norm_ratio,train_mean_cosine,train_mean_relative_l2,train_mean_norm_ratio,residual_after_fixed_train_mean_cosine,residual_after_fixed_train_mean_relative_l2,residual_after_fixed_train_mean_norm_ratio,random_batch32_predictor_cosine,random_batch32_predictor_relative_l2,random_batch32_predictor_norm_ratio,random_batch32_mean_cosine,random_batch32_mean_relative_l2,random_batch32_mean_norm_ratio
1p5b_countdown,predictor,123,76,128,0.5619308467721567,0.8102528415620327,0.5730892266146839,0.7542442568810657,0.6325449673458934,0.8230636108200997,0.9710242748260498,0.24375706911087036,1.0190414190292358,0.4202432632446289,0.9042541980743408,0.4430181384086609,0.6984916925430298,0.699545681476593,0.7815453410148621,0.934927225112915,0.3581852316856384,0.9841820001602173,0.910564661026001,0.4153817296028137,0.9336639642715454
1p5b_countdown,predictor_s124,124,99,128,0.5917882085777819,0.7899054605513811,0.6104552167234942,0.7688462391961366,0.617152607999742,0.8360787127166986,0.9739704132080078,0.23911258578300476,1.0500836372375488,0.4202432632446289,0.9042541980743408,0.4430181384086609,0.715289831161499,0.68172687292099,0.7880567908287048,0.9372877478599548,0.354474812746048,1.0092374086380005,0.9130991697311401,0.4117058217525482,0.9374701380729675
1p5b_countdown,predictor_s125,125,99,128,0.5962050976231694,0.7872705860063434,0.6092515029013157,0.7680150116793811,0.6158795366063714,0.8310352775733918,0.9697282314300537,0.25050777196884155,1.0256476402282715,0.4202432632446289,0.9042541980743408,0.4430181384086609,0.716618001461029,0.6800528168678284,0.7928478717803955,0.9343682527542114,0.35730332136154175,0.9882438778877258,0.9105370044708252,0.41435718536376953,0.9332921504974365
1p5b_countdown_gentle,predictor,123,99,128,0.8607404446229339,0.49635131284594536,0.8628742140717804,0.9380273120477796,0.332716083037667,0.9484839839860797,0.99717116355896,0.07523798197507858,0.993843674659729,0.8497089147567749,0.5372043251991272,0.8442148566246033,0.7816814184188843,0.6131452918052673,0.8461323976516724,0.9950727820396423,0.09913742542266846,0.9919793009757996,0.9934186935424805,0.11750726401805878,0.9795364737510681
1p5b_countdown_gentle,predictor_s124,124,98,128,0.860417066141963,0.49701323080807924,0.8552231159992516,0.9380883984267712,0.3325865992810577,0.9397983285598457,0.9972373247146606,0.07473067194223404,0.9890503287315369,0.8497089147567749,0.5372043251991272,0.8442148566246033,0.7806282043457031,0.6124914288520813,0.824295163154602,0.9951614141464233,0.09866476058959961,0.987349271774292,0.9940146803855896,0.1119343489408493,0.9799352288246155
1p5b_countdown_gentle,predictor_s125,125,96,128,0.8595655472017825,0.4987039687111974,0.8589635728858411,0.9372057346627116,0.3354084708262235,0.9466874948702753,0.9968225955963135,0.07975968718528748,0.9927030801773071,0.8497089147567749,0.5372043251991272,0.8442148566246033,0.7781446576118469,0.6181402802467346,0.8397544026374817,0.9947260022163391,0.10264834761619568,0.9910264611244202,0.9936524629592896,0.1148897334933281,0.9797216057777405
1p5b_gsm8k,predictor,123,67,128,0.11213191434580949,0.9921882036142051,0.0933094258653,0.2614068617040175,0.9581478293985128,0.27895160316256806,0.3869662880897522,0.9426085352897644,0.5825524926185608,0.08569285273551941,0.9992935061454773,0.11291395872831345,0.2525675892829895,0.9589994549751282,0.2869339883327484,0.3102279305458069,0.9571452140808105,0.42371875047683716,0.49447160959243774,0.8735218644142151,0.48378509283065796
1p5b_gsm8k,predictor_labels,123,49,128,0.13126310569896305,0.9899695427156985,0.11163546974421479,0.3021792247745907,0.948242150247097,0.33901403745403513,0.5098303556442261,0.8817819952964783,0.7033930420875549,0.08569285273551941,0.9992935061454773,0.11291395872831345,0.29534927010536194,0.949134349822998,0.3422248661518097,0.38398465514183044,0.931864857673645,0.5239120721817017,0.5033578276634216,0.8669541478157043,0.49141740798950195
1p5b_gsm8k,predictor_residual_h,123,28,128,0.11754493619082496,0.9918539747595787,0.10963090139557607,0.3067194895193097,0.9464746019802988,0.33520996186416596,0.5370278358459473,0.859978199005127,0.7042446136474609,0.08569285273551941,0.9992935061454773,0.11291395872831345,0.2990953326225281,0.9473098516464233,0.336777001619339,0.4011424481868744,0.9215190410614014,0.5216776132583618,0.49686354398727417,0.8722153306007385,0.4889311194419861
1p5b_gsm8k_gentle,predictor,123,15,128,0.34158619912341237,0.9370568986050785,0.3121554501121864,0.5264248468447477,0.8465555873699486,0.5179451506119221,0.9590926170349121,0.2842015027999878,0.93401038646698,0.4593408703804016,0.9073025584220886,0.515474259853363,0.3379678428173065,0.9355955123901367,0.37038537859916687,0.9167049527168274,0.3996441960334778,0.8929607272148132,0.9273711442947388,0.3970739543437958,1.0480376482009888
1p5b_gsm8k_gentle,predictor_multistate,123,41,128,0.3383952194126323,0.9381230408325791,0.30906477564712986,0.5240665479796007,0.8481878801248968,0.5316275091608986,0.9603960514068604,0.28235751390457153,0.9147185683250427,0.4593408703804016,0.9073025584220886,0.515474259853363,0.33179497718811035,0.9381827712059021,0.40233537554740906,0.9194235801696777,0.3955042362213135,0.8786914348602295,0.9291592836380005,0.3931385576725006,1.050428032875061
1p5b_gsm8k_gentle,predictor_s124,124,21,128,0.35758226172765717,0.9301397656090558,0.3501804103143513,0.533464866457507,0.8409884036518633,0.5598254069918767,0.9470658302307129,0.3212814927101135,0.9595368504524231,0.4593408703804016,0.9073025584220886,0.515474259853363,0.3592955470085144,0.9297177195549011,0.4363023638725281,0.9071471095085144,0.41934633255004883,0.9200752973556519,0.9289547204971313,0.3921779990196228,1.0494717359542847
1p5b_gsm8k_gentle,predictor_s125,125,20,128,0.35046740155667067,0.9332723738625646,0.336892603256274,0.5321812916081399,0.8418510961346328,0.5283151611220092,0.9500625133514404,0.31263959407806396,0.9310253262519836,0.4593408703804016,0.9073025584220886,0.515474259853363,0.3492923974990845,0.9304749965667725,0.38910654187202454,0.9096746444702148,0.41548725962638855,0.8920615911483765,0.9277118444442749,0.39789727330207825,1.0484267473220825
1p5b_math,predictor,123,26,128,0.008645943567671566,0.9999781935475767,0.01827078589849407,0.14752798458721372,0.9873211281374097,0.1397246563283261,0.20850501954555511,1.0368283987045288,0.5527251362800598,0.029151929542422295,0.9997303485870361,0.04238317906856537,0.1450302004814148,0.9875938892364502,0.1383627951145172,0.13258446753025055,1.0052094459533691,0.3064385652542114,0.17180824279785156,0.9873107671737671,0.24157288670539856
1p5b_math,predictor_labels,123,38,128,0.008836361034127549,1.000035141594708,0.020985681156162173,0.138904206774896,0.9893896589055657,0.15580061983200721,0.21426551043987274,1.065781831741333,0.6406461000442505,0.029151929542422295,0.9997303485870361,0.04238317906856537,0.13603614270687103,0.9896592497825623,0.15438812971115112,0.13761450350284576,1.0149235725402832,0.35966432094573975,0.17177905142307281,0.9874716997146606,0.2409227043390274
1p5b_math_gentle,predictor,123,33,128,0.2261216553451959,0.971806965302676,0.18491710943635553,0.48293885530438274,0.8718382492661476,0.3986624669050798,0.9522030353546143,0.3795417547225952,0.726941704750061,0.4399430453777313,0.9364962577819824,0.4244876205921173,0.32226303219795227,0.9382933974266052,0.34956812858581543,0.9017355442047119,0.4810997247695923,0.6904921531677246,0.9237434267997742,0.4129370152950287,1.004259705543518
1p5b_math_gentle,predictor_s124,124,33,128,0.225200337197748,0.9722883049398661,0.19533779544872232,0.48336399730760604,0.8705713800154626,0.45700752339325845,0.9608221054077148,0.3021359145641327,0.8405507802963257,0.4399430453777313,0.9364962577819824,0.4244876205921173,0.3298704922199249,0.936475932598114,0.3658578395843506,0.9094182848930359,0.43087682127952576,0.7991412281990051,0.9243913888931274,0.4145471453666687,1.0077762603759766
1p5b_math_gentle,predictor_s125,125,33,128,0.22371365359867923,0.9724427475593984,0.1943406786012929,0.48165660013910383,0.8730090777389705,0.4250632394105196,0.9593877792358398,0.3324144184589386,0.7835347652435303,0.4399430453777313,0.9364962577819824,0.4244876205921173,0.32186248898506165,0.939524233341217,0.35405147075653076,0.9082897901535034,0.44962114095687866,0.7432599663734436,0.9233344793319702,0.40878573060035706,1.003584861755371
7b_countdown,predictor,123,93,128,0.39065889435005374,0.918100428301841,0.3321119695319794,0.732850075000897,0.6600413429550827,0.7367848280118778,0.8089836239814758,0.5974709987640381,0.9158768057823181,0.09661901742219925,1.0078644752502441,0.19286873936653137,0.7313976287841797,0.6586396098136902,0.7342705726623535,0.7073231339454651,0.7055405378341675,0.7794296145439148,0.5654648542404175,0.8389289379119873,0.6943424344062805
7b_countdown,predictor_s124,124,100,128,0.4159096530638635,0.905824042391032,0.3622046549571678,0.7345933923497796,0.6626506638713181,0.7598001515725628,0.7588900327682495,0.6766083240509033,0.9425010085105896,0.09661901742219925,1.0078644752502441,0.19286873936653137,0.7322799563407898,0.6614499092102051,0.7593635320663452,0.6851217746734619,0.735228955745697,0.8038151264190674,0.5611222982406616,0.8387330174446106,0.6874825358390808
7b_countdown,predictor_s125,125,97,128,0.3306239664671011,0.9433816871605814,0.260931746190181,0.7171982524450868,0.6741080908104777,0.7118747110944241,0.7149810791015625,0.7146456241607666,0.8630228042602539,0.09661901742219925,1.0078644752502441,0.19286873936653137,0.7141289710998535,0.6731155514717102,0.7124791741371155,0.6478952765464783,0.7575737833976746,0.7293802499771118,0.5577976107597351,0.837264358997345,0.6751949191093445
7b_countdown_gentle,predictor,123,98,128,0.8387198143173009,0.5227498665917665,0.8350565289147198,0.9521636753343046,0.28686013049446046,0.9588062157854438,0.9985056519508362,0.05466807633638382,0.9970805048942566,0.9111791253089905,0.42708921432495117,0.905739426612854,0.7407565712928772,0.6614247560501099,0.8214269280433655,0.9972431659698486,0.07471839338541031,0.9959877729415894,0.9965004324913025,0.08970250189304352,0.9833090901374817
7b_countdown_gentle,predictor_s124,124,92,128,0.8351084552705288,0.5276761392597109,0.8344557103700936,0.9510166100226343,0.28923982672858983,0.9633757984265685,0.9983011484146118,0.05851157009601593,1.0036537647247314,0.9111791253089905,0.42708921432495117,0.905739426612854,0.7333133816719055,0.6655247211456299,0.8016777038574219,0.9969685673713684,0.07839897274971008,1.0025578737258911,0.9966959953308105,0.08577896654605865,0.9833521246910095
7b_countdown_gentle,predictor_s125,125,89,128,0.8356032860465348,0.5270234572235495,0.8342151292599738,0.9518578550778329,0.2873245074879378,0.9603736959397793,0.9980783462524414,0.062032148241996765,1.000963568687439,0.9111791253089905,0.42708921432495117,0.905739426612854,0.7394374012947083,0.6618165969848633,0.8106168508529663,0.9967928528785706,0.08045102655887604,0.9998509883880615,0.9966611266136169,0.08649563789367676,0.9833534359931946
7b_gsm8k,predictor,123,35,128,0.006191727418809023,0.9999953834339976,0.013850974981323816,0.07959679799387231,0.9949971470050514,0.08510174456750974,0.3905245065689087,0.9325658679008484,0.5394821166992188,0.06886602193117142,1.0000131130218506,0.09591962397098541,0.055747609585523605,0.9951503276824951,0.09346102923154831,0.24332357943058014,0.9733604788780212,0.33258262276649475,0.3978339433670044,0.9203478693962097,0.44064605236053467
7b_gsm8k,predictor_labels,123,50,128,0.006895152256447545,0.999964265152812,0.01082602609130845,0.07271115789444593,0.9961630315519869,0.07382329503889196,0.42107242345809937,0.9099210500717163,0.4935862421989441,0.06886602193117142,1.0000131130218506,0.09591962397098541,0.048166289925575256,0.9962997436523438,0.08582556247711182,0.25927436351776123,0.9661061763763428,0.30279597640037537,0.3964340388774872,0.9202730059623718,0.4391474723815918
7b_gsm8k,predictor_residual_h,123,31,128,0.006687391335617576,1.0000023962929845,0.015362230387836462,0.07974888725038909,0.9953012568876147,0.07855169218964875,0.4251708686351776,0.9078928232192993,0.49616122245788574,0.06886602193117142,1.0000131130218506,0.09591962397098541,0.05582631006836891,0.995436429977417,0.0881422609090805,0.263480544090271,0.9647971391677856,0.305958092212677,0.3958964943885803,0.9214507937431335,0.44090020656585693
7b_gsm8k_gentle,predictor,123,16,128,0.3196255642687902,0.9457741980440915,0.2651361501775682,0.6403974946588278,0.769571291282773,0.6041427259333432,0.9828495979309082,0.2105039358139038,0.881335437297821,0.606181263923645,0.846545398235321,0.679390013217926,0.3854741156101227,0.9168017506599426,0.4239003360271454,0.9649509191513062,0.2813989520072937,0.8668724298477173,0.971371054649353,0.2585792541503906,1.0462521314620972
7b_gsm8k_gentle,predictor_multistate,123,29,128,0.24618155203643255,0.9704445009119809,0.17292165401158854,0.6069628677796572,0.8000659677200019,0.5410531461238861,0.9721614122390747,0.29084423184394836,0.7998587489128113,0.606181263923645,0.846545398235321,0.679390013217926,0.29002639651298523,0.9550401568412781,0.3928808867931366,0.9531702995300293,0.34721943736076355,0.7872451543807983,0.9708954691886902,0.26763492822647095,1.047170877456665
7b_gsm8k_gentle,predictor_s124,124,18,128,0.33555336616700515,0.9392573032528162,0.29055010195588693,0.6435092894826084,0.7671045172028244,0.5913622613297775,0.9866558909416199,0.20324590802192688,0.8650059700012207,0.606181263923645,0.846545398235321,0.679390013217926,0.387177050113678,0.9144289493560791,0.42264893651008606,0.968393862247467,0.277615487575531,0.8504031896591187,0.9708597660064697,0.2606416940689087,1.0458016395568848
7b_gsm8k_gentle,predictor_s125,125,18,128,0.3345888309413567,0.9406455270946026,0.27266578032867983,0.6419048174284399,0.7707005920819938,0.5716179239097983,0.9829003810882568,0.24104958772659302,0.8273434042930603,0.606181263923645,0.846545398235321,0.679390013217926,0.37963005900382996,0.9188849925994873,0.435624361038208,0.964473307132721,0.3054993748664856,0.8144612908363342,0.9708281755447388,0.2696351408958435,1.0476157665252686
7b_math,predictor,123,56,128,0.0067275258375048,0.9999598888680339,0.009953960156053654,0.11984733634744771,0.991681301034987,0.08598811487900093,0.5765650868415833,0.8239657282829285,0.47004398703575134,0.07312135398387909,0.9979369640350342,0.06103614345192909,0.10054248571395874,0.9937043786048889,0.0742022767663002,0.3550797402858734,0.9385077357292175,0.2929942309856415,0.34147411584854126,0.9422045946121216,0.31571048498153687
7b_math,predictor_labels,123,60,128,0.006179929778454607,0.999981458298862,0.009597159709301195,0.10895706814335426,0.9933248949237168,0.09156154442462139,0.5879973769187927,0.8100297451019287,0.5445351004600525,0.07312135398387909,0.9979369640350342,0.06103614345192909,0.08875732123851776,0.995346188545227,0.07459790259599686,0.35658374428749084,0.9355296492576599,0.33842092752456665,0.34295448660850525,0.9412009716033936,0.3156818449497223
7b_math_gentle,predictor,123,18,128,0.3093425669358112,0.9490226851776242,0.2762334563303739,0.6449815686792135,0.7770972019061446,0.6220672903582454,0.9859308004379272,0.21059463918209076,0.8578303456306458,0.6017621159553528,0.9530749917030334,0.7003229856491089,0.4672822058200836,0.8696632385253906,0.5051850080490112,0.9688659906387329,0.2792101502418518,0.8468385934829712,0.9751038551330566,0.2690507471561432,1.055167317390442
7b_math_gentle,predictor_s124,124,24,128,0.3063175232964568,0.9504073718562722,0.2726270271814428,0.6443501498142723,0.7784375082701445,0.5762016531080008,0.9804308414459229,0.2695165276527405,0.7963549494743347,0.6017621159553528,0.9530749917030334,0.7003229856491089,0.45958611369132996,0.8730875253677368,0.4691671133041382,0.9639719128608704,0.3222748041152954,0.7872878313064575,0.9746055603027344,0.2838418781757355,1.0605580806732178
7b_math_gentle,predictor_s125,125,14,128,0.2759974986547604,0.9607056737877429,0.22945604665437713,0.6383874551393092,0.7845226991921663,0.6195712538901716,0.9846952557563782,0.21540217101573944,0.8581138849258423,0.6017621159553528,0.9530749917030334,0.7003229856491089,0.4500044584274292,0.8785412311553955,0.47534167766571045,0.9680408239364624,0.28242412209510803,0.8474007844924927,0.9759357571601868,0.2677275240421295,1.0584689378738403
