scope,layers,split,method,step,predictor_seed,update_seed,correct,n,accuracy,reused
independent,3,dev,warmup,0,,,6,256,0.0234375,False
independent,3,dev,adaptive,1,123,101,6,256,0.0234375,False
independent,3,dev,adaptive,2,123,101,9,256,0.03515625,False
independent,3,dev,adaptive,4,123,101,6,256,0.0234375,False
independent,3,dev,adaptive,8,123,101,10,256,0.0390625,False
independent,3,dev,adaptive,16,123,101,7,256,0.02734375,False
independent,3,dev,adaptive,32,123,101,3,256,0.01171875,False
independent,3,dev,adaptive,1,124,102,6,256,0.0234375,False
independent,3,dev,adaptive,2,124,102,6,256,0.0234375,False
independent,3,dev,adaptive,4,124,102,7,256,0.02734375,False
independent,3,dev,adaptive,8,124,102,11,256,0.04296875,False
independent,3,dev,adaptive,16,124,102,6,256,0.0234375,False
independent,3,dev,adaptive,32,124,102,5,256,0.01953125,False
independent,3,dev,adaptive,1,125,103,7,256,0.02734375,False
independent,3,dev,adaptive,2,125,103,6,256,0.0234375,False
independent,3,dev,adaptive,4,125,103,4,256,0.015625,False
independent,3,dev,adaptive,8,125,103,12,256,0.046875,False
independent,3,dev,adaptive,16,125,103,7,256,0.02734375,False
independent,3,dev,adaptive,32,125,103,15,256,0.05859375,False
independent,3,dev,fixed5,1,123,101,4,256,0.015625,False
independent,3,dev,fixed5,2,123,101,6,256,0.0234375,False
independent,3,dev,fixed5,4,123,101,9,256,0.03515625,False
independent,3,dev,fixed5,8,123,101,7,256,0.02734375,False
independent,3,dev,fixed5,16,123,101,1,256,0.00390625,False
independent,3,dev,fixed5,32,123,101,3,256,0.01171875,False
independent,3,dev,fixed5,1,124,102,7,256,0.02734375,False
independent,3,dev,fixed5,2,124,102,10,256,0.0390625,False
independent,3,dev,fixed5,4,124,102,12,256,0.046875,False
independent,3,dev,fixed5,8,124,102,0,256,0.0,False
independent,3,dev,fixed5,16,124,102,3,256,0.01171875,False
independent,3,dev,fixed5,32,124,102,2,256,0.0078125,False
independent,3,dev,fixed5,1,125,103,10,256,0.0390625,False
independent,3,dev,fixed5,2,125,103,6,256,0.0234375,False
independent,3,dev,fixed5,4,125,103,8,256,0.03125,False
independent,3,dev,fixed5,8,125,103,2,256,0.0078125,False
independent,3,dev,fixed5,16,125,103,6,256,0.0234375,False
independent,3,dev,fixed5,32,125,103,4,256,0.015625,False
independent,3,dev,frozen,1,123,101,6,256,0.0234375,False
independent,3,dev,frozen,2,123,101,6,256,0.0234375,False
independent,3,dev,frozen,4,123,101,6,256,0.0234375,False
independent,3,dev,frozen,8,123,101,9,256,0.03515625,False
independent,3,dev,frozen,16,123,101,0,256,0.0,False
independent,3,dev,frozen,32,123,101,0,256,0.0,False
independent,3,dev,frozen,1,124,102,6,256,0.0234375,False
independent,3,dev,frozen,2,124,102,7,256,0.02734375,False
independent,3,dev,frozen,4,124,102,9,256,0.03515625,False
independent,3,dev,frozen,8,124,102,1,256,0.00390625,False
independent,3,dev,frozen,16,124,102,1,256,0.00390625,False
independent,3,dev,frozen,32,124,102,0,256,0.0,False
independent,3,dev,frozen,1,125,103,5,256,0.01953125,False
independent,3,dev,frozen,2,125,103,6,256,0.0234375,False
independent,3,dev,frozen,4,125,103,2,256,0.0078125,False
independent,3,dev,frozen,8,125,103,8,256,0.03125,False
independent,3,dev,frozen,16,125,103,1,256,0.00390625,False
independent,3,dev,frozen,32,125,103,0,256,0.0,False
independent,3,dev,oracle,1,123,101,8,256,0.03125,False
independent,3,dev,oracle,2,123,101,8,256,0.03125,False
independent,3,dev,oracle,4,123,101,5,256,0.01953125,False
independent,3,dev,oracle,8,123,101,10,256,0.0390625,False
independent,3,dev,oracle,16,123,101,9,256,0.03515625,False
independent,3,dev,oracle,32,123,101,10,256,0.0390625,False
independent,3,dev,oracle,1,124,102,4,256,0.015625,False
independent,3,dev,oracle,2,124,102,5,256,0.01953125,False
independent,3,dev,oracle,4,124,102,7,256,0.02734375,False
independent,3,dev,oracle,8,124,102,13,256,0.05078125,False
independent,3,dev,oracle,16,124,102,10,256,0.0390625,False
independent,3,dev,oracle,32,124,102,15,256,0.05859375,False
independent,3,dev,oracle,1,125,103,10,256,0.0390625,False
independent,3,dev,oracle,2,125,103,9,256,0.03515625,False
independent,3,dev,oracle,4,125,103,8,256,0.03125,False
independent,3,dev,oracle,8,125,103,6,256,0.0234375,False
independent,3,dev,oracle,16,125,103,8,256,0.03125,False
independent,3,dev,oracle,32,125,103,9,256,0.03515625,False
independent,3,test,warmup,0,,,46,2048,0.0224609375,False
independent,3,test,adaptive,1,123,101,62,2048,0.0302734375,False
independent,3,test,adaptive,16,123,101,51,2048,0.02490234375,False
independent,3,test,adaptive,32,123,101,41,2048,0.02001953125,False
independent,3,test,adaptive,1,124,102,54,2048,0.0263671875,False
independent,3,test,adaptive,16,124,102,55,2048,0.02685546875,False
independent,3,test,adaptive,32,124,102,56,2048,0.02734375,False
independent,3,test,adaptive,1,125,103,73,2048,0.03564453125,False
independent,3,test,adaptive,16,125,103,99,2048,0.04833984375,False
independent,3,test,adaptive,32,125,103,135,2048,0.06591796875,False
independent,3,test,fixed5,1,123,101,84,2048,0.041015625,False
independent,3,test,fixed5,16,123,101,10,2048,0.0048828125,False
independent,3,test,fixed5,32,123,101,17,2048,0.00830078125,False
independent,3,test,fixed5,1,124,102,53,2048,0.02587890625,False
independent,3,test,fixed5,16,124,102,29,2048,0.01416015625,False
independent,3,test,fixed5,32,124,102,40,2048,0.01953125,False
independent,3,test,fixed5,1,125,103,76,2048,0.037109375,False
independent,3,test,fixed5,16,125,103,53,2048,0.02587890625,False
independent,3,test,fixed5,32,125,103,22,2048,0.0107421875,False
independent,3,test,frozen,1,123,101,62,2048,0.0302734375,False
independent,3,test,frozen,16,123,101,3,2048,0.00146484375,False
independent,3,test,frozen,32,123,101,0,2048,0.0,False
independent,3,test,frozen,1,124,102,54,2048,0.0263671875,False
independent,3,test,frozen,16,124,102,2,2048,0.0009765625,False
independent,3,test,frozen,32,124,102,0,2048,0.0,False
independent,3,test,frozen,1,125,103,63,2048,0.03076171875,False
independent,3,test,frozen,16,125,103,21,2048,0.01025390625,False
independent,3,test,frozen,32,125,103,0,2048,0.0,False
independent,3,test,oracle,1,123,101,62,2048,0.0302734375,False
independent,3,test,oracle,16,123,101,103,2048,0.05029296875,False
independent,3,test,oracle,32,123,101,133,2048,0.06494140625,False
independent,3,test,oracle,1,124,102,47,2048,0.02294921875,False
independent,3,test,oracle,16,124,102,73,2048,0.03564453125,False
independent,3,test,oracle,32,124,102,154,2048,0.0751953125,False
independent,3,test,oracle,1,125,103,62,2048,0.0302734375,False
independent,3,test,oracle,16,125,103,101,2048,0.04931640625,False
independent,3,test,oracle,32,125,103,134,2048,0.0654296875,False
independent,8,dev,warmup,0,,,8,256,0.03125,True
independent,8,dev,adaptive,1,123,101,15,256,0.05859375,True
independent,8,dev,adaptive,2,123,101,15,256,0.05859375,True
independent,8,dev,adaptive,4,123,101,7,256,0.02734375,True
independent,8,dev,adaptive,8,123,101,12,256,0.046875,True
independent,8,dev,adaptive,16,123,101,15,256,0.05859375,True
independent,8,dev,adaptive,32,123,101,20,256,0.078125,True
independent,8,dev,adaptive,1,124,102,14,256,0.0546875,True
independent,8,dev,adaptive,2,124,102,6,256,0.0234375,True
independent,8,dev,adaptive,4,124,102,10,256,0.0390625,True
independent,8,dev,adaptive,8,124,102,9,256,0.03515625,True
independent,8,dev,adaptive,16,124,102,15,256,0.05859375,True
independent,8,dev,adaptive,32,124,102,18,256,0.0703125,True
independent,8,dev,adaptive,1,125,103,17,256,0.06640625,True
independent,8,dev,adaptive,2,125,103,8,256,0.03125,True
independent,8,dev,adaptive,4,125,103,5,256,0.01953125,True
independent,8,dev,adaptive,8,125,103,6,256,0.0234375,True
independent,8,dev,adaptive,16,125,103,14,256,0.0546875,True
independent,8,dev,adaptive,32,125,103,11,256,0.04296875,True
independent,8,dev,fixed5,1,123,101,14,256,0.0546875,True
independent,8,dev,fixed5,2,123,101,16,256,0.0625,True
independent,8,dev,fixed5,4,123,101,9,256,0.03515625,True
independent,8,dev,fixed5,8,123,101,5,256,0.01953125,True
independent,8,dev,fixed5,16,123,101,26,256,0.1015625,True
independent,8,dev,fixed5,32,123,101,17,256,0.06640625,True
independent,8,dev,fixed5,1,124,102,12,256,0.046875,True
independent,8,dev,fixed5,2,124,102,8,256,0.03125,True
independent,8,dev,fixed5,4,124,102,6,256,0.0234375,True
independent,8,dev,fixed5,8,124,102,9,256,0.03515625,True
independent,8,dev,fixed5,16,124,102,17,256,0.06640625,True
independent,8,dev,fixed5,32,124,102,13,256,0.05078125,True
independent,8,dev,fixed5,1,125,103,11,256,0.04296875,True
independent,8,dev,fixed5,2,125,103,4,256,0.015625,True
independent,8,dev,fixed5,4,125,103,7,256,0.02734375,True
independent,8,dev,fixed5,8,125,103,3,256,0.01171875,True
independent,8,dev,fixed5,16,125,103,9,256,0.03515625,True
independent,8,dev,fixed5,32,125,103,13,256,0.05078125,True
independent,8,dev,frozen,1,123,101,15,256,0.05859375,True
independent,8,dev,frozen,2,123,101,16,256,0.0625,True
independent,8,dev,frozen,4,123,101,16,256,0.0625,True
independent,8,dev,frozen,8,123,101,6,256,0.0234375,True
independent,8,dev,frozen,16,123,101,0,256,0.0,True
independent,8,dev,frozen,32,123,101,0,256,0.0,True
independent,8,dev,frozen,1,124,102,14,256,0.0546875,True
independent,8,dev,frozen,2,124,102,15,256,0.05859375,True
independent,8,dev,frozen,4,124,102,22,256,0.0859375,True
independent,8,dev,frozen,8,124,102,12,256,0.046875,True
independent,8,dev,frozen,16,124,102,2,256,0.0078125,True
independent,8,dev,frozen,32,124,102,1,256,0.00390625,True
independent,8,dev,frozen,1,125,103,17,256,0.06640625,True
independent,8,dev,frozen,2,125,103,11,256,0.04296875,True
independent,8,dev,frozen,4,125,103,3,256,0.01171875,True
independent,8,dev,frozen,8,125,103,8,256,0.03125,True
independent,8,dev,frozen,16,125,103,0,256,0.0,True
independent,8,dev,frozen,32,125,103,0,256,0.0,True
independent,8,dev,oracle,1,123,101,19,256,0.07421875,True
independent,8,dev,oracle,2,123,101,14,256,0.0546875,True
independent,8,dev,oracle,4,123,101,5,256,0.01953125,True
independent,8,dev,oracle,8,123,101,10,256,0.0390625,True
independent,8,dev,oracle,16,123,101,12,256,0.046875,True
independent,8,dev,oracle,32,123,101,19,256,0.07421875,True
independent,8,dev,oracle,1,124,102,13,256,0.05078125,True
independent,8,dev,oracle,2,124,102,9,256,0.03515625,True
independent,8,dev,oracle,4,124,102,13,256,0.05078125,True
independent,8,dev,oracle,8,124,102,11,256,0.04296875,True
independent,8,dev,oracle,16,124,102,13,256,0.05078125,True
independent,8,dev,oracle,32,124,102,20,256,0.078125,True
independent,8,dev,oracle,1,125,103,12,256,0.046875,True
independent,8,dev,oracle,2,125,103,8,256,0.03125,True
independent,8,dev,oracle,4,125,103,7,256,0.02734375,True
independent,8,dev,oracle,8,125,103,12,256,0.046875,True
independent,8,dev,oracle,16,125,103,16,256,0.0625,True
independent,8,dev,oracle,32,125,103,16,256,0.0625,True
independent,8,test,warmup,0,,,92,2048,0.044921875,True
independent,8,test,adaptive,1,123,101,101,2048,0.04931640625,True
independent,8,test,adaptive,16,123,101,106,2048,0.0517578125,True
independent,8,test,adaptive,32,123,101,139,2048,0.06787109375,True
independent,8,test,adaptive,1,124,102,108,2048,0.052734375,True
independent,8,test,adaptive,16,124,102,108,2048,0.052734375,True
independent,8,test,adaptive,32,124,102,161,2048,0.07861328125,True
independent,8,test,adaptive,1,125,103,109,2048,0.05322265625,True
independent,8,test,adaptive,16,125,103,85,2048,0.04150390625,True
independent,8,test,adaptive,32,125,103,150,2048,0.0732421875,True
independent,8,test,fixed5,1,123,101,97,2048,0.04736328125,True
independent,8,test,fixed5,16,123,101,156,2048,0.076171875,True
independent,8,test,fixed5,32,123,101,133,2048,0.06494140625,True
independent,8,test,fixed5,1,124,102,102,2048,0.0498046875,True
independent,8,test,fixed5,16,124,102,119,2048,0.05810546875,True
independent,8,test,fixed5,32,124,102,124,2048,0.060546875,True
independent,8,test,fixed5,1,125,103,108,2048,0.052734375,True
independent,8,test,fixed5,16,125,103,107,2048,0.05224609375,True
independent,8,test,fixed5,32,125,103,149,2048,0.07275390625,True
independent,8,test,frozen,1,123,101,101,2048,0.04931640625,True
independent,8,test,frozen,16,123,101,3,2048,0.00146484375,True
independent,8,test,frozen,32,123,101,0,2048,0.0,True
independent,8,test,frozen,1,124,102,108,2048,0.052734375,True
independent,8,test,frozen,16,124,102,9,2048,0.00439453125,True
independent,8,test,frozen,32,124,102,0,2048,0.0,True
independent,8,test,frozen,1,125,103,109,2048,0.05322265625,True
independent,8,test,frozen,16,125,103,6,2048,0.0029296875,True
independent,8,test,frozen,32,125,103,0,2048,0.0,True
independent,8,test,oracle,1,123,101,109,2048,0.05322265625,True
independent,8,test,oracle,16,123,101,136,2048,0.06640625,True
independent,8,test,oracle,32,123,101,155,2048,0.07568359375,True
independent,8,test,oracle,1,124,102,96,2048,0.046875,True
independent,8,test,oracle,16,124,102,99,2048,0.04833984375,True
independent,8,test,oracle,32,124,102,176,2048,0.0859375,True
independent,8,test,oracle,1,125,103,109,2048,0.05322265625,True
independent,8,test,oracle,16,125,103,116,2048,0.056640625,True
independent,8,test,oracle,32,125,103,127,2048,0.06201171875,True
independent,19,dev,warmup,0,,,7,256,0.02734375,False
independent,19,dev,adaptive,1,123,101,7,256,0.02734375,False
independent,19,dev,adaptive,2,123,101,6,256,0.0234375,False
independent,19,dev,adaptive,4,123,101,5,256,0.01953125,False
independent,19,dev,adaptive,8,123,101,6,256,0.0234375,False
independent,19,dev,adaptive,16,123,101,8,256,0.03125,False
independent,19,dev,adaptive,32,123,101,12,256,0.046875,False
independent,19,dev,adaptive,1,124,102,8,256,0.03125,False
independent,19,dev,adaptive,2,124,102,8,256,0.03125,False
independent,19,dev,adaptive,4,124,102,8,256,0.03125,False
independent,19,dev,adaptive,8,124,102,5,256,0.01953125,False
independent,19,dev,adaptive,16,124,102,8,256,0.03125,False
independent,19,dev,adaptive,32,124,102,13,256,0.05078125,False
independent,19,dev,adaptive,1,125,103,8,256,0.03125,False
independent,19,dev,adaptive,2,125,103,7,256,0.02734375,False
independent,19,dev,adaptive,4,125,103,8,256,0.03125,False
independent,19,dev,adaptive,8,125,103,11,256,0.04296875,False
independent,19,dev,adaptive,16,125,103,6,256,0.0234375,False
independent,19,dev,adaptive,32,125,103,9,256,0.03515625,False
independent,19,dev,fixed5,1,123,101,5,256,0.01953125,False
independent,19,dev,fixed5,2,123,101,7,256,0.02734375,False
independent,19,dev,fixed5,4,123,101,7,256,0.02734375,False
independent,19,dev,fixed5,8,123,101,6,256,0.0234375,False
independent,19,dev,fixed5,16,123,101,10,256,0.0390625,False
independent,19,dev,fixed5,32,123,101,10,256,0.0390625,False
independent,19,dev,fixed5,1,124,102,7,256,0.02734375,False
independent,19,dev,fixed5,2,124,102,7,256,0.02734375,False
independent,19,dev,fixed5,4,124,102,7,256,0.02734375,False
independent,19,dev,fixed5,8,124,102,5,256,0.01953125,False
independent,19,dev,fixed5,16,124,102,6,256,0.0234375,False
independent,19,dev,fixed5,32,124,102,13,256,0.05078125,False
independent,19,dev,fixed5,1,125,103,7,256,0.02734375,False
independent,19,dev,fixed5,2,125,103,7,256,0.02734375,False
independent,19,dev,fixed5,4,125,103,7,256,0.02734375,False
independent,19,dev,fixed5,8,125,103,11,256,0.04296875,False
independent,19,dev,fixed5,16,125,103,7,256,0.02734375,False
independent,19,dev,fixed5,32,125,103,8,256,0.03125,False
independent,19,dev,frozen,1,123,101,7,256,0.02734375,False
independent,19,dev,frozen,2,123,101,6,256,0.0234375,False
independent,19,dev,frozen,4,123,101,5,256,0.01953125,False
independent,19,dev,frozen,8,123,101,4,256,0.015625,False
independent,19,dev,frozen,16,123,101,0,256,0.0,False
independent,19,dev,frozen,32,123,101,0,256,0.0,False
independent,19,dev,frozen,1,124,102,8,256,0.03125,False
independent,19,dev,frozen,2,124,102,7,256,0.02734375,False
independent,19,dev,frozen,4,124,102,8,256,0.03125,False
independent,19,dev,frozen,8,124,102,4,256,0.015625,False
independent,19,dev,frozen,16,124,102,0,256,0.0,False
independent,19,dev,frozen,32,124,102,0,256,0.0,False
independent,19,dev,frozen,1,125,103,8,256,0.03125,False
independent,19,dev,frozen,2,125,103,7,256,0.02734375,False
independent,19,dev,frozen,4,125,103,6,256,0.0234375,False
independent,19,dev,frozen,8,125,103,3,256,0.01171875,False
independent,19,dev,frozen,16,125,103,0,256,0.0,False
independent,19,dev,frozen,32,125,103,0,256,0.0,False
independent,19,dev,oracle,1,123,101,6,256,0.0234375,False
independent,19,dev,oracle,2,123,101,6,256,0.0234375,False
independent,19,dev,oracle,4,123,101,5,256,0.01953125,False
independent,19,dev,oracle,8,123,101,5,256,0.01953125,False
independent,19,dev,oracle,16,123,101,7,256,0.02734375,False
independent,19,dev,oracle,32,123,101,11,256,0.04296875,False
independent,19,dev,oracle,1,124,102,7,256,0.02734375,False
independent,19,dev,oracle,2,124,102,8,256,0.03125,False
independent,19,dev,oracle,4,124,102,6,256,0.0234375,False
independent,19,dev,oracle,8,124,102,6,256,0.0234375,False
independent,19,dev,oracle,16,124,102,9,256,0.03515625,False
independent,19,dev,oracle,32,124,102,13,256,0.05078125,False
independent,19,dev,oracle,1,125,103,5,256,0.01953125,False
independent,19,dev,oracle,2,125,103,7,256,0.02734375,False
independent,19,dev,oracle,4,125,103,8,256,0.03125,False
independent,19,dev,oracle,8,125,103,10,256,0.0390625,False
independent,19,dev,oracle,16,125,103,10,256,0.0390625,False
independent,19,dev,oracle,32,125,103,8,256,0.03125,False
independent,19,test,warmup,0,,,64,2048,0.03125,False
independent,19,test,adaptive,1,123,101,78,2048,0.0380859375,False
independent,19,test,adaptive,16,123,101,54,2048,0.0263671875,False
independent,19,test,adaptive,32,123,101,85,2048,0.04150390625,False
independent,19,test,adaptive,1,124,102,64,2048,0.03125,False
independent,19,test,adaptive,16,124,102,74,2048,0.0361328125,False
independent,19,test,adaptive,32,124,102,81,2048,0.03955078125,False
independent,19,test,adaptive,1,125,103,58,2048,0.0283203125,False
independent,19,test,adaptive,16,125,103,60,2048,0.029296875,False
independent,19,test,adaptive,32,125,103,70,2048,0.0341796875,False
independent,19,test,fixed5,1,123,101,70,2048,0.0341796875,False
independent,19,test,fixed5,16,123,101,55,2048,0.02685546875,False
independent,19,test,fixed5,32,123,101,86,2048,0.0419921875,False
independent,19,test,fixed5,1,124,102,67,2048,0.03271484375,False
independent,19,test,fixed5,16,124,102,64,2048,0.03125,False
independent,19,test,fixed5,32,124,102,94,2048,0.0458984375,False
independent,19,test,fixed5,1,125,103,55,2048,0.02685546875,False
independent,19,test,fixed5,16,125,103,70,2048,0.0341796875,False
independent,19,test,fixed5,32,125,103,69,2048,0.03369140625,False
independent,19,test,frozen,1,123,101,78,2048,0.0380859375,False
independent,19,test,frozen,16,123,101,0,2048,0.0,False
independent,19,test,frozen,32,123,101,0,2048,0.0,False
independent,19,test,frozen,1,124,102,64,2048,0.03125,False
independent,19,test,frozen,16,124,102,0,2048,0.0,False
independent,19,test,frozen,32,124,102,0,2048,0.0,False
independent,19,test,frozen,1,125,103,58,2048,0.0283203125,False
independent,19,test,frozen,16,125,103,0,2048,0.0,False
independent,19,test,frozen,32,125,103,0,2048,0.0,False
independent,19,test,oracle,1,123,101,72,2048,0.03515625,False
independent,19,test,oracle,16,123,101,56,2048,0.02734375,False
independent,19,test,oracle,32,123,101,90,2048,0.0439453125,False
independent,19,test,oracle,1,124,102,67,2048,0.03271484375,False
independent,19,test,oracle,16,124,102,66,2048,0.0322265625,False
independent,19,test,oracle,32,124,102,111,2048,0.05419921875,False
independent,19,test,oracle,1,125,103,57,2048,0.02783203125,False
independent,19,test,oracle,16,125,103,51,2048,0.02490234375,False
independent,19,test,oracle,32,125,103,70,2048,0.0341796875,False
joint,"3,8,19",dev,warmup,0,,,19,256,0.07421875,False
joint,"3,8,19",dev,adaptive,1,123,101,7,256,0.02734375,False
joint,"3,8,19",dev,adaptive,2,123,101,7,256,0.02734375,False
joint,"3,8,19",dev,adaptive,4,123,101,7,256,0.02734375,False
joint,"3,8,19",dev,adaptive,8,123,101,16,256,0.0625,False
joint,"3,8,19",dev,adaptive,16,123,101,17,256,0.06640625,False
joint,"3,8,19",dev,adaptive,32,123,101,28,256,0.109375,False
joint,"3,8,19",dev,adaptive,1,124,102,13,256,0.05078125,False
joint,"3,8,19",dev,adaptive,2,124,102,13,256,0.05078125,False
joint,"3,8,19",dev,adaptive,4,124,102,15,256,0.05859375,False
joint,"3,8,19",dev,adaptive,8,124,102,19,256,0.07421875,False
joint,"3,8,19",dev,adaptive,16,124,102,15,256,0.05859375,False
joint,"3,8,19",dev,adaptive,32,124,102,25,256,0.09765625,False
joint,"3,8,19",dev,adaptive,1,125,103,20,256,0.078125,False
joint,"3,8,19",dev,adaptive,2,125,103,12,256,0.046875,False
joint,"3,8,19",dev,adaptive,4,125,103,16,256,0.0625,False
joint,"3,8,19",dev,adaptive,8,125,103,22,256,0.0859375,False
joint,"3,8,19",dev,adaptive,16,125,103,19,256,0.07421875,False
joint,"3,8,19",dev,adaptive,32,125,103,19,256,0.07421875,False
joint,"3,8,19",dev,fixed5,1,123,101,5,256,0.01953125,False
joint,"3,8,19",dev,fixed5,2,123,101,6,256,0.0234375,False
joint,"3,8,19",dev,fixed5,4,123,101,8,256,0.03125,False
joint,"3,8,19",dev,fixed5,8,123,101,16,256,0.0625,False
joint,"3,8,19",dev,fixed5,16,123,101,13,256,0.05078125,False
joint,"3,8,19",dev,fixed5,32,123,101,20,256,0.078125,False
joint,"3,8,19",dev,fixed5,1,124,102,10,256,0.0390625,False
joint,"3,8,19",dev,fixed5,2,124,102,12,256,0.046875,False
joint,"3,8,19",dev,fixed5,4,124,102,1,256,0.00390625,False
joint,"3,8,19",dev,fixed5,8,124,102,18,256,0.0703125,False
joint,"3,8,19",dev,fixed5,16,124,102,18,256,0.0703125,False
joint,"3,8,19",dev,fixed5,32,124,102,15,256,0.05859375,False
joint,"3,8,19",dev,fixed5,1,125,103,20,256,0.078125,False
joint,"3,8,19",dev,fixed5,2,125,103,0,256,0.0,False
joint,"3,8,19",dev,fixed5,4,125,103,9,256,0.03515625,False
joint,"3,8,19",dev,fixed5,8,125,103,14,256,0.0546875,False
joint,"3,8,19",dev,fixed5,16,125,103,9,256,0.03515625,False
joint,"3,8,19",dev,fixed5,32,125,103,25,256,0.09765625,False
joint,"3,8,19",dev,frozen,1,123,101,7,256,0.02734375,False
joint,"3,8,19",dev,frozen,2,123,101,8,256,0.03125,False
joint,"3,8,19",dev,frozen,4,123,101,5,256,0.01953125,False
joint,"3,8,19",dev,frozen,8,123,101,0,256,0.0,False
joint,"3,8,19",dev,frozen,16,123,101,4,256,0.015625,False
joint,"3,8,19",dev,frozen,32,123,101,0,256,0.0,False
joint,"3,8,19",dev,frozen,1,124,102,13,256,0.05078125,False
joint,"3,8,19",dev,frozen,2,124,102,17,256,0.06640625,False
joint,"3,8,19",dev,frozen,4,124,102,0,256,0.0,False
joint,"3,8,19",dev,frozen,8,124,102,2,256,0.0078125,False
joint,"3,8,19",dev,frozen,16,124,102,0,256,0.0,False
joint,"3,8,19",dev,frozen,32,124,102,0,256,0.0,False
joint,"3,8,19",dev,frozen,1,125,103,21,256,0.08203125,False
joint,"3,8,19",dev,frozen,2,125,103,10,256,0.0390625,False
joint,"3,8,19",dev,frozen,4,125,103,0,256,0.0,False
joint,"3,8,19",dev,frozen,8,125,103,0,256,0.0,False
joint,"3,8,19",dev,frozen,16,125,103,0,256,0.0,False
joint,"3,8,19",dev,frozen,32,125,103,0,256,0.0,False
joint,"3,8,19",dev,oracle,1,123,101,9,256,0.03515625,False
joint,"3,8,19",dev,oracle,2,123,101,9,256,0.03515625,False
joint,"3,8,19",dev,oracle,4,123,101,17,256,0.06640625,False
joint,"3,8,19",dev,oracle,8,123,101,11,256,0.04296875,False
joint,"3,8,19",dev,oracle,16,123,101,15,256,0.05859375,False
joint,"3,8,19",dev,oracle,32,123,101,30,256,0.1171875,False
joint,"3,8,19",dev,oracle,1,124,102,12,256,0.046875,False
joint,"3,8,19",dev,oracle,2,124,102,12,256,0.046875,False
joint,"3,8,19",dev,oracle,4,124,102,18,256,0.0703125,False
joint,"3,8,19",dev,oracle,8,124,102,22,256,0.0859375,False
joint,"3,8,19",dev,oracle,16,124,102,22,256,0.0859375,False
joint,"3,8,19",dev,oracle,32,124,102,26,256,0.1015625,False
joint,"3,8,19",dev,oracle,1,125,103,21,256,0.08203125,False
joint,"3,8,19",dev,oracle,2,125,103,16,256,0.0625,False
joint,"3,8,19",dev,oracle,4,125,103,16,256,0.0625,False
joint,"3,8,19",dev,oracle,8,125,103,22,256,0.0859375,False
joint,"3,8,19",dev,oracle,16,125,103,24,256,0.09375,False
joint,"3,8,19",dev,oracle,32,125,103,23,256,0.08984375,False
joint,"3,8,19",test,warmup,0,,,177,2048,0.08642578125,False
joint,"3,8,19",test,adaptive,1,123,101,72,2048,0.03515625,False
joint,"3,8,19",test,adaptive,16,123,101,164,2048,0.080078125,False
joint,"3,8,19",test,adaptive,32,123,101,202,2048,0.0986328125,False
joint,"3,8,19",test,adaptive,1,124,102,117,2048,0.05712890625,False
joint,"3,8,19",test,adaptive,16,124,102,115,2048,0.05615234375,False
joint,"3,8,19",test,adaptive,32,124,102,170,2048,0.0830078125,False
joint,"3,8,19",test,adaptive,1,125,103,204,2048,0.099609375,False
joint,"3,8,19",test,adaptive,16,125,103,183,2048,0.08935546875,False
joint,"3,8,19",test,adaptive,32,125,103,122,2048,0.0595703125,False
joint,"3,8,19",test,fixed5,1,123,101,62,2048,0.0302734375,False
joint,"3,8,19",test,fixed5,16,123,101,105,2048,0.05126953125,False
joint,"3,8,19",test,fixed5,32,123,101,138,2048,0.0673828125,False
joint,"3,8,19",test,fixed5,1,124,102,117,2048,0.05712890625,False
joint,"3,8,19",test,fixed5,16,124,102,149,2048,0.07275390625,False
joint,"3,8,19",test,fixed5,32,124,102,150,2048,0.0732421875,False
joint,"3,8,19",test,fixed5,1,125,103,159,2048,0.07763671875,False
joint,"3,8,19",test,fixed5,16,125,103,49,2048,0.02392578125,False
joint,"3,8,19",test,fixed5,32,125,103,163,2048,0.07958984375,False
joint,"3,8,19",test,frozen,1,123,101,77,2048,0.03759765625,False
joint,"3,8,19",test,frozen,16,123,101,17,2048,0.00830078125,False
joint,"3,8,19",test,frozen,32,123,101,0,2048,0.0,False
joint,"3,8,19",test,frozen,1,124,102,117,2048,0.05712890625,False
joint,"3,8,19",test,frozen,16,124,102,5,2048,0.00244140625,False
joint,"3,8,19",test,frozen,32,124,102,0,2048,0.0,False
joint,"3,8,19",test,frozen,1,125,103,193,2048,0.09423828125,False
joint,"3,8,19",test,frozen,16,125,103,1,2048,0.00048828125,False
joint,"3,8,19",test,frozen,32,125,103,0,2048,0.0,False
joint,"3,8,19",test,oracle,1,123,101,77,2048,0.03759765625,False
joint,"3,8,19",test,oracle,16,123,101,117,2048,0.05712890625,False
joint,"3,8,19",test,oracle,32,123,101,224,2048,0.109375,False
joint,"3,8,19",test,oracle,1,124,102,103,2048,0.05029296875,False
joint,"3,8,19",test,oracle,16,124,102,196,2048,0.095703125,False
joint,"3,8,19",test,oracle,32,124,102,218,2048,0.1064453125,False
joint,"3,8,19",test,oracle,1,125,103,201,2048,0.09814453125,False
joint,"3,8,19",test,oracle,16,125,103,171,2048,0.08349609375,False
joint,"3,8,19",test,oracle,32,125,103,217,2048,0.10595703125,False
