scope,layers,split,method,step,warmup_accuracy,mean_accuracy,sample_sd,gain_over_warmup,seed_accuracies
independent,3,dev,adaptive,1,0.0234375,0.024739583333333332,0.0022552744890219755,0.0013020833333333322,"[0.0234375, 0.0234375, 0.02734375]"
independent,3,dev,adaptive,2,0.0234375,0.02734375,0.0067658234670659265,0.00390625,"[0.03515625, 0.0234375, 0.0234375]"
independent,3,dev,adaptive,4,0.0234375,0.022135416666666668,0.005966895436140417,-0.0013020833333333322,"[0.0234375, 0.02734375, 0.015625]"
independent,3,dev,adaptive,8,0.0234375,0.04296875,0.00390625,0.01953125,"[0.0390625, 0.04296875, 0.046875]"
independent,3,dev,adaptive,16,0.0234375,0.026041666666666668,0.0022552744890219755,0.002604166666666668,"[0.02734375, 0.0234375, 0.02734375]"
independent,3,dev,adaptive,32,0.0234375,0.029947916666666668,0.025113673856752488,0.006510416666666668,"[0.01171875, 0.01953125, 0.05859375]"
independent,3,dev,fixed5,1,0.0234375,0.02734375,0.01171875,0.00390625,"[0.015625, 0.02734375, 0.0390625]"
independent,3,dev,fixed5,2,0.0234375,0.028645833333333332,0.009021097956087902,0.005208333333333332,"[0.0234375, 0.0390625, 0.0234375]"
independent,3,dev,fixed5,4,0.0234375,0.037760416666666664,0.00813150781041458,0.014322916666666664,"[0.03515625, 0.046875, 0.03125]"
independent,3,dev,fixed5,8,0.0234375,0.01171875,0.014084184669781208,-0.01171875,"[0.02734375, 0.0, 0.0078125]"
independent,3,dev,fixed5,16,0.0234375,0.013020833333333334,0.009830513587592122,-0.010416666666666666,"[0.00390625, 0.01171875, 0.0234375]"
independent,3,dev,fixed5,32,0.0234375,0.01171875,0.00390625,-0.01171875,"[0.01171875, 0.0078125, 0.015625]"
independent,3,dev,frozen,1,0.0234375,0.022135416666666668,0.0022552744890219755,-0.0013020833333333322,"[0.0234375, 0.0234375, 0.01953125]"
independent,3,dev,frozen,2,0.0234375,0.024739583333333332,0.0022552744890219755,0.0013020833333333322,"[0.0234375, 0.02734375, 0.0234375]"
independent,3,dev,frozen,4,0.0234375,0.022135416666666668,0.013718299157360336,-0.0013020833333333322,"[0.0234375, 0.03515625, 0.0078125]"
independent,3,dev,frozen,8,0.0234375,0.0234375,0.017026948998205758,0.0,"[0.03515625, 0.00390625, 0.03125]"
independent,3,dev,frozen,16,0.0234375,0.0026041666666666665,0.0022552744890219755,-0.020833333333333332,"[0.0, 0.00390625, 0.00390625]"
independent,3,dev,frozen,32,0.0234375,0.0,0.0,-0.0234375,"[0.0, 0.0, 0.0]"
independent,3,dev,oracle,1,0.0234375,0.028645833333333332,0.011933790872280834,0.005208333333333332,"[0.03125, 0.015625, 0.0390625]"
independent,3,dev,oracle,2,0.0234375,0.028645833333333332,0.00813150781041458,0.005208333333333332,"[0.03125, 0.01953125, 0.03515625]"
independent,3,dev,oracle,4,0.0234375,0.026041666666666668,0.005966895436140417,0.002604166666666668,"[0.01953125, 0.02734375, 0.03125]"
independent,3,dev,oracle,8,0.0234375,0.037760416666666664,0.013718299157360336,0.014322916666666664,"[0.0390625, 0.05078125, 0.0234375]"
independent,3,dev,oracle,16,0.0234375,0.03515625,0.00390625,0.01171875,"[0.03515625, 0.0390625, 0.03125]"
independent,3,dev,oracle,32,0.0234375,0.044270833333333336,0.012556836928376244,0.020833333333333336,"[0.0390625, 0.05859375, 0.03515625]"
independent,3,test,adaptive,1,0.0224609375,0.03076171875,0.00465790625691868,0.00830078125,"[0.0302734375, 0.0263671875, 0.03564453125]"
independent,3,test,adaptive,16,0.0224609375,0.033365885416666664,0.013004547106405064,0.010904947916666664,"[0.02490234375, 0.02685546875, 0.04833984375]"
independent,3,test,adaptive,32,0.0224609375,0.037760416666666664,0.024658605994027416,0.015299479166666664,"[0.02001953125, 0.02734375, 0.06591796875]"
independent,3,test,fixed5,1,0.0224609375,0.03466796875,0.007858143036831583,0.01220703125,"[0.041015625, 0.02587890625, 0.037109375]"
independent,3,test,fixed5,16,0.0224609375,0.014973958333333334,0.010521677316988273,-0.007486979166666666,"[0.0048828125, 0.01416015625, 0.02587890625]"
independent,3,test,fixed5,32,0.0224609375,0.012858072916666666,0.005906656025919289,-0.009602864583333334,"[0.00830078125, 0.01953125, 0.0107421875]"
independent,3,test,frozen,1,0.0224609375,0.029134114583333332,0.002408634210115355,0.006673177083333332,"[0.0302734375, 0.0263671875, 0.03076171875]"
independent,3,test,frozen,16,0.0224609375,0.004231770833333333,0.005221033506622864,-0.018229166666666668,"[0.00146484375, 0.0009765625, 0.01025390625]"
independent,3,test,frozen,32,0.0224609375,0.0,0.0,-0.0224609375,"[0.0, 0.0, 0.0]"
independent,3,test,oracle,1,0.0224609375,0.02783203125,0.004228639666916205,0.00537109375,"[0.0302734375, 0.02294921875, 0.0302734375]"
independent,3,test,oracle,16,0.0224609375,0.045084635416666664,0.008189938558209065,0.022623697916666664,"[0.05029296875, 0.03564453125, 0.04931640625]"
independent,3,test,oracle,32,0.0224609375,0.06852213541666667,0.005784295457004186,0.04606119791666667,"[0.06494140625, 0.0751953125, 0.0654296875]"
independent,8,dev,adaptive,1,0.03125,0.059895833333333336,0.005966895436140417,0.028645833333333336,"[0.05859375, 0.0546875, 0.06640625]"
independent,8,dev,adaptive,2,0.03125,0.037760416666666664,0.018460217290049253,0.006510416666666664,"[0.05859375, 0.0234375, 0.03125]"
independent,8,dev,adaptive,4,0.03125,0.028645833333333332,0.009830513587592122,-0.002604166666666668,"[0.02734375, 0.0390625, 0.01953125]"
independent,8,dev,adaptive,8,0.03125,0.03515625,0.01171875,0.00390625,"[0.046875, 0.03515625, 0.0234375]"
independent,8,dev,adaptive,16,0.03125,0.057291666666666664,0.0022552744890219755,0.026041666666666664,"[0.05859375, 0.05859375, 0.0546875]"
independent,8,dev,adaptive,32,0.03125,0.06380208333333333,0.018460217290049253,0.03255208333333333,"[0.078125, 0.0703125, 0.04296875]"
independent,8,dev,fixed5,1,0.03125,0.048177083333333336,0.005966895436140417,0.016927083333333336,"[0.0546875, 0.046875, 0.04296875]"
independent,8,dev,fixed5,2,0.03125,0.036458333333333336,0.023867581744561668,0.005208333333333336,"[0.0625, 0.03125, 0.015625]"
independent,8,dev,fixed5,4,0.03125,0.028645833333333332,0.005966895436140417,-0.002604166666666668,"[0.03515625, 0.0234375, 0.02734375]"
independent,8,dev,fixed5,8,0.03125,0.022135416666666668,0.011933790872280834,-0.009114583333333332,"[0.01953125, 0.03515625, 0.01171875]"
independent,8,dev,fixed5,16,0.03125,0.06770833333333333,0.03322226776607571,0.03645833333333333,"[0.1015625, 0.06640625, 0.03515625]"
independent,8,dev,fixed5,32,0.03125,0.055989583333333336,0.009021097956087902,0.024739583333333336,"[0.06640625, 0.05078125, 0.05078125]"
independent,8,dev,frozen,1,0.03125,0.059895833333333336,0.005966895436140417,0.028645833333333336,"[0.05859375, 0.0546875, 0.06640625]"
independent,8,dev,frozen,2,0.03125,0.0546875,0.010334966058846057,0.0234375,"[0.0625, 0.05859375, 0.04296875]"
independent,8,dev,frozen,4,0.03125,0.053385416666666664,0.0379395892821184,0.022135416666666664,"[0.0625, 0.0859375, 0.01171875]"
independent,8,dev,frozen,8,0.03125,0.033854166666666664,0.011933790872280834,0.0026041666666666644,"[0.0234375, 0.046875, 0.03125]"
independent,8,dev,frozen,16,0.03125,0.0026041666666666665,0.004510548978043951,-0.028645833333333332,"[0.0, 0.0078125, 0.0]"
independent,8,dev,frozen,32,0.03125,0.0013020833333333333,0.0022552744890219755,-0.029947916666666668,"[0.0, 0.00390625, 0.0]"
independent,8,dev,oracle,1,0.03125,0.057291666666666664,0.014788823817188212,0.026041666666666664,"[0.07421875, 0.05078125, 0.046875]"
independent,8,dev,oracle,2,0.03125,0.040364583333333336,0.012556836928376244,0.009114583333333336,"[0.0546875, 0.03515625, 0.03125]"
independent,8,dev,oracle,4,0.03125,0.032552083333333336,0.01626301562082916,0.0013020833333333356,"[0.01953125, 0.05078125, 0.02734375]"
independent,8,dev,oracle,8,0.03125,0.04296875,0.00390625,0.01171875,"[0.0390625, 0.04296875, 0.046875]"
independent,8,dev,oracle,16,0.03125,0.053385416666666664,0.00813150781041458,0.022135416666666664,"[0.046875, 0.05078125, 0.0625]"
independent,8,dev,oracle,32,0.03125,0.07161458333333333,0.00813150781041458,0.04036458333333333,"[0.07421875, 0.078125, 0.0625]"
independent,8,test,adaptive,1,0.044921875,0.0517578125,0.0021283686247757197,0.0068359375,"[0.04931640625, 0.052734375, 0.05322265625]"
independent,8,test,adaptive,16,0.044921875,0.048665364583333336,0.006221196241411586,0.0037434895833333356,"[0.0517578125, 0.052734375, 0.04150390625]"
independent,8,test,adaptive,32,0.044921875,0.0732421875,0.00537109375,0.0283203125,"[0.06787109375, 0.07861328125, 0.0732421875]"
independent,8,test,fixed5,1,0.044921875,0.049967447916666664,0.002689243431292042,0.005045572916666664,"[0.04736328125, 0.0498046875, 0.052734375]"
independent,8,test,fixed5,16,0.044921875,0.062174479166666664,0.012471102053704768,0.017252604166666664,"[0.076171875, 0.05810546875, 0.05224609375]"
independent,8,test,fixed5,32,0.044921875,0.06608072916666667,0.0061827538780021415,0.02115885416666667,"[0.06494140625, 0.060546875, 0.07275390625]"
independent,8,test,frozen,1,0.044921875,0.0517578125,0.0021283686247757197,0.0068359375,"[0.04931640625, 0.052734375, 0.05322265625]"
independent,8,test,frozen,16,0.044921875,0.0029296875,0.00146484375,-0.0419921875,"[0.00146484375, 0.00439453125, 0.0029296875]"
independent,8,test,frozen,32,0.044921875,0.0,0.0,-0.044921875,"[0.0, 0.0, 0.0]"
independent,8,test,oracle,1,0.044921875,0.051106770833333336,0.0036648210446607104,0.006184895833333336,"[0.05322265625, 0.046875, 0.05322265625]"
independent,8,test,oracle,16,0.044921875,0.05712890625,0.0090430953014903,0.01220703125,"[0.06640625, 0.04833984375, 0.056640625]"
independent,8,test,oracle,32,0.044921875,0.07454427083333333,0.012003511762690294,0.02962239583333333,"[0.07568359375, 0.0859375, 0.06201171875]"
independent,19,dev,adaptive,1,0.02734375,0.029947916666666668,0.0022552744890219755,0.002604166666666668,"[0.02734375, 0.03125, 0.03125]"
independent,19,dev,adaptive,2,0.02734375,0.02734375,0.00390625,0.0,"[0.0234375, 0.03125, 0.02734375]"
independent,19,dev,adaptive,4,0.02734375,0.02734375,0.0067658234670659265,0.0,"[0.01953125, 0.03125, 0.03125]"
independent,19,dev,adaptive,8,0.02734375,0.028645833333333332,0.012556836928376244,0.0013020833333333322,"[0.0234375, 0.01953125, 0.04296875]"
independent,19,dev,adaptive,16,0.02734375,0.028645833333333332,0.004510548978043951,0.0013020833333333322,"[0.03125, 0.03125, 0.0234375]"
independent,19,dev,adaptive,32,0.02734375,0.044270833333333336,0.00813150781041458,0.016927083333333336,"[0.046875, 0.05078125, 0.03515625]"
independent,19,dev,fixed5,1,0.02734375,0.024739583333333332,0.004510548978043951,-0.002604166666666668,"[0.01953125, 0.02734375, 0.02734375]"
independent,19,dev,fixed5,2,0.02734375,0.02734375,0.0,0.0,"[0.02734375, 0.02734375, 0.02734375]"
independent,19,dev,fixed5,4,0.02734375,0.02734375,0.0,0.0,"[0.02734375, 0.02734375, 0.02734375]"
independent,19,dev,fixed5,8,0.02734375,0.028645833333333332,0.012556836928376244,0.0013020833333333322,"[0.0234375, 0.01953125, 0.04296875]"
independent,19,dev,fixed5,16,0.02734375,0.029947916666666668,0.00813150781041458,0.002604166666666668,"[0.0390625, 0.0234375, 0.02734375]"
independent,19,dev,fixed5,32,0.02734375,0.040364583333333336,0.009830513587592122,0.013020833333333336,"[0.0390625, 0.05078125, 0.03125]"
independent,19,dev,frozen,1,0.02734375,0.029947916666666668,0.0022552744890219755,0.002604166666666668,"[0.02734375, 0.03125, 0.03125]"
independent,19,dev,frozen,2,0.02734375,0.026041666666666668,0.0022552744890219755,-0.0013020833333333322,"[0.0234375, 0.02734375, 0.02734375]"
independent,19,dev,frozen,4,0.02734375,0.024739583333333332,0.005966895436140417,-0.002604166666666668,"[0.01953125, 0.03125, 0.0234375]"
independent,19,dev,frozen,8,0.02734375,0.014322916666666666,0.0022552744890219755,-0.013020833333333334,"[0.015625, 0.015625, 0.01171875]"
independent,19,dev,frozen,16,0.02734375,0.0,0.0,-0.02734375,"[0.0, 0.0, 0.0]"
independent,19,dev,frozen,32,0.02734375,0.0,0.0,-0.02734375,"[0.0, 0.0, 0.0]"
independent,19,dev,oracle,1,0.02734375,0.0234375,0.00390625,-0.00390625,"[0.0234375, 0.02734375, 0.01953125]"
independent,19,dev,oracle,2,0.02734375,0.02734375,0.00390625,0.0,"[0.0234375, 0.03125, 0.02734375]"
independent,19,dev,oracle,4,0.02734375,0.024739583333333332,0.005966895436140417,-0.002604166666666668,"[0.01953125, 0.0234375, 0.03125]"
independent,19,dev,oracle,8,0.02734375,0.02734375,0.010334966058846057,0.0,"[0.01953125, 0.0234375, 0.0390625]"
independent,19,dev,oracle,16,0.02734375,0.033854166666666664,0.005966895436140417,0.006510416666666664,"[0.02734375, 0.03515625, 0.0390625]"
independent,19,dev,oracle,32,0.02734375,0.041666666666666664,0.009830513587592122,0.014322916666666664,"[0.04296875, 0.05078125, 0.03125]"
independent,19,test,adaptive,1,0.03125,0.032552083333333336,0.005011329530709848,0.0013020833333333356,"[0.0380859375, 0.03125, 0.0283203125]"
independent,19,test,adaptive,16,0.03125,0.030598958333333332,0.005011329530709848,-0.0006510416666666678,"[0.0263671875, 0.0361328125, 0.029296875]"
independent,19,test,adaptive,32,0.03125,0.038411458333333336,0.0037927018872822406,0.007161458333333336,"[0.04150390625, 0.03955078125, 0.0341796875]"
independent,19,test,fixed5,1,0.03125,0.03125,0.0038756122720672716,0.0,"[0.0341796875, 0.03271484375, 0.02685546875]"
independent,19,test,fixed5,16,0.03125,0.03076171875,0.003686442595347046,-0.00048828125,"[0.02685546875, 0.03125, 0.0341796875]"
independent,19,test,fixed5,32,0.03125,0.04052734375,0.006233957683009621,0.00927734375,"[0.0419921875, 0.0458984375, 0.03369140625]"
independent,19,test,frozen,1,0.03125,0.032552083333333336,0.005011329530709848,0.0013020833333333356,"[0.0380859375, 0.03125, 0.0283203125]"
independent,19,test,frozen,16,0.03125,0.0,0.0,-0.03125,"[0.0, 0.0, 0.0]"
independent,19,test,frozen,32,0.03125,0.0,0.0,-0.03125,"[0.0, 0.0, 0.0]"
independent,19,test,oracle,1,0.03125,0.031901041666666664,0.0037293096475877604,0.0006510416666666644,"[0.03515625, 0.03271484375, 0.02783203125]"
independent,19,test,oracle,16,0.03125,0.028157552083333332,0.0037293096475877604,-0.003092447916666668,"[0.02734375, 0.0322265625, 0.02490234375]"
independent,19,test,oracle,32,0.03125,0.044108072916666664,0.010010758017370952,0.012858072916666664,"[0.0439453125, 0.05419921875, 0.0341796875]"
joint,"3,8,19",dev,adaptive,1,0.07421875,0.052083333333333336,0.025415652729092623,-0.022135416666666664,"[0.02734375, 0.05078125, 0.078125]"
joint,"3,8,19",dev,adaptive,2,0.07421875,0.041666666666666664,0.012556836928376244,-0.032552083333333336,"[0.02734375, 0.05078125, 0.046875]"
joint,"3,8,19",dev,adaptive,4,0.07421875,0.049479166666666664,0.01926907368092284,-0.024739583333333336,"[0.02734375, 0.05859375, 0.0625]"
joint,"3,8,19",dev,adaptive,8,0.07421875,0.07421875,0.01171875,0.0,"[0.0625, 0.07421875, 0.0859375]"
joint,"3,8,19",dev,adaptive,16,0.07421875,0.06640625,0.0078125,-0.0078125,"[0.06640625, 0.05859375, 0.07421875]"
joint,"3,8,19",dev,adaptive,32,0.07421875,0.09375,0.01790068630842125,0.01953125,"[0.109375, 0.09765625, 0.07421875]"
joint,"3,8,19",dev,fixed5,1,0.07421875,0.045572916666666664,0.029834477180702083,-0.028645833333333336,"[0.01953125, 0.0390625, 0.078125]"
joint,"3,8,19",dev,fixed5,2,0.07421875,0.0234375,0.0234375,-0.05078125,"[0.0234375, 0.046875, 0.0]"
joint,"3,8,19",dev,fixed5,4,0.07421875,0.0234375,0.017026948998205758,-0.05078125,"[0.03125, 0.00390625, 0.03515625]"
joint,"3,8,19",dev,fixed5,8,0.07421875,0.0625,0.0078125,-0.01171875,"[0.0625, 0.0703125, 0.0546875]"
joint,"3,8,19",dev,fixed5,16,0.07421875,0.052083333333333336,0.01761425684696443,-0.022135416666666664,"[0.05078125, 0.0703125, 0.03515625]"
joint,"3,8,19",dev,fixed5,32,0.07421875,0.078125,0.01953125,0.00390625,"[0.078125, 0.05859375, 0.09765625]"
joint,"3,8,19",dev,frozen,1,0.07421875,0.053385416666666664,0.027436598314720673,-0.020833333333333336,"[0.02734375, 0.05078125, 0.08203125]"
joint,"3,8,19",dev,frozen,2,0.07421875,0.045572916666666664,0.018460217290049253,-0.028645833333333336,"[0.03125, 0.06640625, 0.0390625]"
joint,"3,8,19",dev,frozen,4,0.07421875,0.006510416666666667,0.011276372445109878,-0.06770833333333333,"[0.01953125, 0.0, 0.0]"
joint,"3,8,19",dev,frozen,8,0.07421875,0.0026041666666666665,0.004510548978043951,-0.07161458333333333,"[0.0, 0.0078125, 0.0]"
joint,"3,8,19",dev,frozen,16,0.07421875,0.005208333333333333,0.009021097956087902,-0.06901041666666667,"[0.015625, 0.0, 0.0]"
joint,"3,8,19",dev,frozen,32,0.07421875,0.0,0.0,-0.07421875,"[0.0, 0.0, 0.0]"
joint,"3,8,19",dev,oracle,1,0.07421875,0.0546875,0.024394523431243743,-0.01953125,"[0.03515625, 0.046875, 0.08203125]"
joint,"3,8,19",dev,oracle,2,0.07421875,0.048177083333333336,0.013718299157360336,-0.026041666666666664,"[0.03515625, 0.046875, 0.0625]"
joint,"3,8,19",dev,oracle,4,0.07421875,0.06640625,0.00390625,-0.0078125,"[0.06640625, 0.0703125, 0.0625]"
joint,"3,8,19",dev,oracle,8,0.07421875,0.07161458333333333,0.024808019379241732,-0.0026041666666666713,"[0.04296875, 0.0859375, 0.0859375]"
joint,"3,8,19",dev,oracle,16,0.07421875,0.07942708333333333,0.018460217290049253,0.005208333333333329,"[0.05859375, 0.0859375, 0.09375]"
joint,"3,8,19",dev,oracle,32,0.07421875,0.10286458333333333,0.013718299157360336,0.02864583333333333,"[0.1171875, 0.1015625, 0.08984375]"
joint,"3,8,19",test,adaptive,1,0.08642578125,0.06396484375,0.032765818495718003,-0.0224609375,"[0.03515625, 0.05712890625, 0.099609375]"
joint,"3,8,19",test,adaptive,16,0.08642578125,0.0751953125,0.01713164530551644,-0.01123046875,"[0.080078125, 0.05615234375, 0.08935546875]"
joint,"3,8,19",test,adaptive,32,0.08642578125,0.08040364583333333,0.019661027175184243,-0.006022135416666671,"[0.0986328125, 0.0830078125, 0.0595703125]"
joint,"3,8,19",test,fixed5,1,0.08642578125,0.055013020833333336,0.02375242789724868,-0.031412760416666664,"[0.0302734375, 0.05712890625, 0.07763671875]"
joint,"3,8,19",test,fixed5,16,0.08642578125,0.04931640625,0.024472586105745445,-0.037109375,"[0.05126953125, 0.07275390625, 0.02392578125]"
joint,"3,8,19",test,fixed5,32,0.08642578125,0.07340494791666667,0.006105143012210629,-0.013020833333333329,"[0.0673828125, 0.0732421875, 0.07958984375]"
joint,"3,8,19",test,frozen,1,0.08642578125,0.06298828125,0.028771327856750458,-0.0234375,"[0.03759765625, 0.05712890625, 0.09423828125]"
joint,"3,8,19",test,frozen,16,0.08642578125,0.0037434895833333335,0.00406575390520729,-0.08268229166666667,"[0.00830078125, 0.00244140625, 0.00048828125]"
joint,"3,8,19",test,frozen,32,0.08642578125,0.0,0.0,-0.08642578125,"[0.0, 0.0, 0.0]"
joint,"3,8,19",test,oracle,1,0.08642578125,0.06201171875,0.03192926313334339,-0.0244140625,"[0.03759765625, 0.05029296875, 0.09814453125]"
joint,"3,8,19",test,oracle,16,0.08642578125,0.07877604166666667,0.01971552070819453,-0.007649739583333329,"[0.05712890625, 0.095703125, 0.08349609375]"
joint,"3,8,19",test,oracle,32,0.08642578125,0.10725911458333333,0.0018486029771485266,0.02083333333333333,"[0.109375, 0.1064453125, 0.10595703125]"
