scope,layer,predictor_seed,epochs_completed,best_epoch,best_dev_score
joint,3,123,100,98,0.2484920471906662
joint,3,124,100,97,0.2528841095045209
joint,3,125,100,100,0.24400771129876375
joint,8,123,100,100,0.33354451414197683
joint,8,124,100,98,0.3343842141330242
joint,8,125,100,77,0.3328589769080281
joint,19,123,100,99,0.14299579290673137
joint,19,124,100,98,0.14464713772758842
joint,19,125,100,99,0.14525986509397626
independent,3,123,100,86,0.40718916431069374
independent,3,124,100,62,0.4064088296145201
independent,3,125,100,73,0.411434393376112
independent,19,123,100,93,0.1448993869125843
independent,19,124,100,97,0.1455305004492402
independent,19,125,100,100,0.1487583783455193
