seed,method,n,correct,accuracy,strict_correct,output_cap_hits,mean_output_tokens,seconds,records_sha256,adapter_sha256
101,baseline,1024,71,0.0693359375,71,593,1236.541015625,269.82600181599264,aee35cae6aef8eebecfc1878c02a4af64d1e1f9b7a35cf57846abe7a7bd441ef,77a191a7bf6266caa883a356a7bf293b7d5ecd9564a3d2de84a8bccb97c56ef9
101,initial,1024,86,0.083984375,86,299,671.0224609375,259.3761230170203,7b851c70b98a01e067866be2e738a1dca28f4a3b8a483722f3acca0123b68faa,ce9671cc172b577cb4859e43002eef8a517c0ab1171ddf80a7e124a727f98443
101,oracle,1024,105,0.1025390625,105,524,1102.994140625,260.72863009999855,aba94a7190acd545abd50e8d215456dde0b8c126102e2f5aa1abe159cd6d0201,54045cca63dc5cbf0f81c12c3cee25f27f72fcab1e447e97973b2b7e40d0a21b
101,recent_repeat,1024,66,0.064453125,66,300,686.578125,257.11358235400985,718675ab9987f4591278a4ebbd1aa9c399b99ecdef4882a2eb18e977c3785edc,e579656ce2260529982029ca2505553591ab80fcb5999e67a95a0115286b7661
102,carry,1024,106,0.103515625,106,419,901.1337890625,258.7010890109814,bacfa09aea828be8868c870373e2c093e1cd21ab7b48f941437f5f3e8d4d1301,0e999dcf845cc7e347c95d8bc6f716c852547dd798bb1908fa71d68a6f72e2b5
102,mean,1024,87,0.0849609375,87,270,629.185546875,259.0448922489886,2de97387aa4ff47155ebdfb9b81df3b7851fb4d6cf1fb59861e1a155721e850d,bf20f104d3d9a29c781221a76d9756f718e8b283d5e5acd03a334577d26db643
102,pooled,1024,96,0.09375,96,543,1145.166015625,261.83643253098126,988867fbcea26c90b6a5d9f01397a22240a8b4f7a856fe8769c29e6befbf8617,1de150c8dbb851505a565ecb37458f3f5788a1ac49e1027aad944126b24b1af8
103,baseline,1024,56,0.0546875,56,503,1059.18359375,267.23499164299574,cc0faa68a16ac9123679a93c45e50c6e14c758708cd9f8f9650dc4bb373d573e,9821663cd259e4657a18a417469361684bddfe67940a8e8997acc491c44f83c9
103,initial,1024,67,0.0654296875,67,485,1033.1513671875,267.7579678799957,639c25e31f059f71a51bdd9118eb7c086394688a6708ab648b288d0602193747,ae7819f75de6a918451c6c99ccea9dc45524fc2e7a17a0e07e00a7afdf89bff2
103,oracle,1024,74,0.072265625,74,319,704.7958984375,263.1869364710001,10a93b14ea086d971893a6163d7055d6afec00b0367bbdcdefb4233660e6b3d1,648799b446398dbede1c0e764238fc94a5c06d309fbc1c12ae287594ede286be
103,recent_repeat,1024,57,0.0556640625,57,420,909.873046875,264.4006045270071,0c5fafdb47860eefa5ec56f87d76a1c7a404d86dd0a548c9babd4e915b0a18f4,9d46be5878751449bf44dca1cfb1ec1519d67ee2584e05265e0ba0b2ab1d6e4f
101,carry,1024,74,0.072265625,74,317,710.435546875,270.0008361520013,26008eead3f8f23d41b1962b3484afc1082f7bbfe67fcd3bf243b1bd0b142602,30f8406f30979d426c98d4dcdc7396b3a1c0686970e85a1a385c0dae947fdce1
101,mean,1024,49,0.0478515625,49,242,572.9521484375,261.3931459650048,b17d0b9da7855a92a58cba1d9f7218a5bde033c599a0331a41ee3538be0461cc,48b2276dfcc831a970e405fef45886cdf62fd0ca70fbf81bbb185dbbe1b8f71e
101,pooled,1024,100,0.09765625,100,318,703.6787109375,261.3121104550082,aca5c517c4b6f8f931dad5093f11679047e14cd8ca56ad39ae65d6106c0f6fe0,7a51f6d94eb4ce7ae864436b1f4a278a8cb4d80ca0098f0ba287c108deec3f3f
102,baseline,1024,86,0.083984375,86,435,935.90234375,265.4744856430043,60788c464c875f24fb18f8f2253dc835ba5480e46d943c9faffbd0b70327d91c,a377d80f775ee824cbea05a584d73e011166796dd57eaf60c6be7a8dbfc9fc14
102,initial,1024,90,0.087890625,90,492,1041.3525390625,267.28223305699066,192291aaf3d4109d6de4472e359d3f55ec18b2328ba5d7e7297c1b4a744629f7,4e379cc34c9c3bd620341b1e28a9ea1fea5a9f55b5c4179fc6a2fefb8954f2a5
102,oracle,1024,84,0.08203125,84,277,630.5625,264.2957447160152,587c23490dec04701782edf307c9ac5c60bbce85d45d552dca4a5914e947c958,f9c2e7f15601b9c9f36f04e3492d9ae5db6e854292c098b298b72cd6d0d6ef51
102,recent_repeat,1024,116,0.11328125,116,266,610.173828125,260.4022040000127,8b468efb0050316e8be1224e4b5e844f41286a27f030306b6ef4a55d343cf25e,2ea097234ba0b5f140493d3774f1d7cbbedba558ee9394e26400f5ce7a7373f7
103,carry,1024,95,0.0927734375,95,439,942.8349609375,264.04982199700316,dbf8e68c4154afbed21c34e9c410d27b91a8d8519007246c49d97d6ebb422fd3,c34a00e7c24dc5dc1ec32ca983bb39482d9b884d5c157bc04f62424a478aea00
103,mean,1024,89,0.0869140625,89,140,368.208984375,258.115895741008,75c40325e6035c9512c37623cdac14389cbac8e63faef99734f6bdd9a36215ce,92b83d713808e743620d38614a7e8fa03e733559bbe943f20786633a756ef818
103,pooled,1024,67,0.0654296875,67,360,792.7021484375,264.08389483898645,d7b8c8db5c2693805e059c31456da4406da3188aaa3dd46a23c24f3c65d538a0,19aa5b73d85bb3dac90c4db3b45041f7f4c232590e8f3999675002145bb863a9
